300000000.000000 	 284010279 	 284010279
297000000.000000 	 294010448 	 280010472
294030000.000000 	 294010616 	 280010472
291089700.000000 	 302010659 	 280010472
288178803.000000 	 288010534 	 280010472
285297014.970000 	 314010299 	 280010472
282444044.820300 	 301010307 	 280010472
279619604.372097 	 325010698 	 280010472
276823408.328376 	 325010636 	 280010472
274055174.245092 	 313010693 	 280010472
271314622.502641 	 303010679 	 280010472
268601476.277615 	 305010686 	 280010472
265915461.514839 	 319010625 	 280010472
263256306.899690 	 325010788 	 280010472
260623743.830693 	 329010765 	 280010472
258017506.392386 	 323010655 	 280010472
255437331.328463 	 321010695 	 280010472
252882958.015178 	 323010634 	 280010472
250354128.435026 	 329010750 	 280010472
247850587.150676 	 341010727 	 280010472
245372081.279169 	 339010411 	 280010472
242918360.466377 	 325010411 	 280010472
240489176.861714 	 341010467 	 280010472
238084285.093096 	 335010394 	 280010472
235703442.242166 	 325010644 	 280010472
233346407.819744 	 342010230 	 280010472
231012943.741546 	 350010461 	 280010472
228702814.304131 	 354010681 	 280010472
226415786.161090 	 348010536 	 280010472
224151628.299479 	 338010549 	 280010472
221910112.016484 	 331010570 	 280010472
219691010.896319 	 326010547 	 280010472
217494100.787356 	 305010343 	 280010472
215319159.779482 	 314010295 	 280010472
213165968.181688 	 314010533 	 280010472
211034308.499871 	 320010569 	 280010472
208923965.414872 	 326010476 	 280010472
206834725.760723 	 321010486 	 280010472
204766378.503116 	 297010523 	 280010472
202718714.718085 	 295010430 	 280010472
200691527.570904 	 297010547 	 280010472
198684612.295195 	 305010504 	 280010472
196697766.172243 	 313010666 	 280010472
194730788.510521 	 303010918 	 280010472
192783480.625415 	 291010879 	 280010472
190855645.819161 	 280010810 	 280010472
188947089.360970 	 289010616 	 280010472
187057618.467360 	 295010613 	 280010472
185187042.282686 	 292010624 	 280010472
183335171.859859 	 298010597 	 280010472
181501820.141261 	 300010383 	 280010472
179686801.939848 	 299010418 	 280010472
177889933.920450 	 318010434 	 280010472
176111034.581245 	 330010552 	 280010472
174349924.235433 	 338010785 	 280010472
172606424.993079 	 350011017 	 280010472
170880360.743148 	 336010957 	 280010472
169171557.135716 	 330010954 	 280010472
167479841.564359 	 366011009 	 280010472
165805043.148715 	 362011054 	 280010472
164146992.717228 	 360011091 	 280010472
162505522.790056 	 358010867 	 280010472
160880467.562155 	 348010856 	 280010472
159271662.886534 	 324010673 	 280010472
157678946.257669 	 339010833 	 280010472
156102156.795092 	 352010795 	 280010472
154541135.227141 	 358010838 	 280010472
152995723.874870 	 370010855 	 280010472
151465766.636121 	 354010927 	 280010472
149951108.969760 	 358010974 	 280010472
148451597.880062 	 364010869 	 280010472
146967081.901261 	 366010647 	 280010472
145497411.082249 	 374010525 	 280010472
144042436.971426 	 370010504 	 280010472
142602012.601712 	 348010489 	 280010472
141175992.475695 	 343010650 	 280010472
139764232.550938 	 337010452 	 280010472
138366590.225429 	 325010466 	 280010472
136982924.323174 	 331010351 	 280010472
135613095.079943 	 311010516 	 280010472
134256964.129143 	 339010326 	 280010472
132914394.487852 	 345010377 	 280010472
131585250.542973 	 335010266 	 280010472
130269398.037543 	 329010320 	 280010472
128966704.057168 	 315010438 	 280010472
127677037.016596 	 339010499 	 280010472
126400266.646430 	 337010515 	 280010472
125136263.979966 	 329010391 	 280010472
123884901.340166 	 333010252 	 280010472
122646052.326765 	 325010326 	 280010472
121419591.803497 	 325010101 	 280010472
120205395.885462 	 314009997 	 280010472
119003341.926608 	 304010270 	 280010472
117813308.507341 	 316010557 	 280010472
116635175.422268 	 326010443 	 280010472
115468823.668045 	 332010245 	 280010472
114314135.431365 	 307010191 	 280010472
113170994.077051 	 303010115 	 280010472
112039284.136281 	 313010319 	 280010472
110918891.294918 	 337010070 	 280010472
109809702.381969 	 343010399 	 280010472
108711605.358149 	 339010373 	 280010472
107624489.304568 	 342010682 	 280010472
106548244.411522 	 342010771 	 280010472
105482761.967407 	 346010686 	 280010472
104427934.347733 	 343010570 	 280010472
103383655.004255 	 343010600 	 280010472
102349818.454213 	 343010501 	 280010472
101326320.269671 	 335010610 	 280010472
100313057.066974 	 330010449 	 280010472
99309926.496304 	 348010305 	 280010472
98316827.231341 	 350010461 	 280010472
97333658.959028 	 350010420 	 280010472
96360322.369437 	 338010466 	 280010472
95396719.145743 	 350010515 	 280010472
94442751.954286 	 345010462 	 280010472
93498324.434743 	 343010547 	 280010472
92563341.190395 	 363010485 	 280010472
91637707.778491 	 377010522 	 280010472
90721330.700706 	 370010528 	 280010472
89814117.393699 	 371010263 	 280010472
88915976.219762 	 379010427 	 280010472
88026816.457565 	 361010257 	 280010472
87146548.292989 	 356010489 	 280010472
86275082.810059 	 352010464 	 280010472
85412331.981959 	 347010461 	 280010472
84558208.662139 	 324010395 	 280010472
83712626.575518 	 304010168 	 280010472
82875500.309763 	 281010219 	 279010261
82046745.306665 	 291010037 	 275010261
81226277.853598 	 293010083 	 275010261
80414015.075062 	 305010147 	 275010261
79609874.924312 	 315010166 	 275010261
78813776.175069 	 317010046 	 275010261
78025638.413318 	 333010156 	 275010261
77245382.029185 	 329010258 	 275010261
76472928.208893 	 325010385 	 275010261
75708198.926804 	 319010305 	 275010261
74951116.937536 	 297010498 	 275010261
74201605.768160 	 322010615 	 275010261
73459589.710479 	 332010639 	 275010261
72724993.813374 	 342010693 	 275010261
71997743.875240 	 342010653 	 275010261
71277766.436488 	 344010776 	 275010261
70564988.772123 	 340010764 	 275010261
69859338.884402 	 320010606 	 275010261
69160745.495558 	 342010709 	 275010261
68469138.040602 	 338010713 	 275010261
67784446.660196 	 340010523 	 275010261
67106602.193594 	 334010539 	 275010261
66435536.171658 	 326010369 	 275010261
65771180.809942 	 314010170 	 275010261
65113469.001842 	 330010173 	 275010261
64462334.311824 	 340010331 	 275010261
63817710.968706 	 338010166 	 275010261
63179533.859019 	 338010030 	 275010261
62547738.520428 	 322010021 	 275010261
61922261.135224 	 332010176 	 275010261
61303038.523872 	 321010324 	 275010261
60690008.138633 	 314010672 	 275010261
60083108.057247 	 323010385 	 275010261
59482276.976674 	 319010206 	 275010261
58887454.206908 	 323010364 	 275010261
58298579.664839 	 313010526 	 275010261
57715593.868190 	 305010491 	 275010261
57138437.929508 	 307010422 	 275010261
56567053.550213 	 312010457 	 275010261
56001383.014711 	 335010313 	 275010261
55441369.184564 	 341010136 	 275010261
54886955.492718 	 330010156 	 275010261
54338085.937791 	 317010036 	 275010261
53794705.078413 	 315010086 	 275010261
53256758.027629 	 318010421 	 275010261
52724190.447353 	 325010364 	 275010261
52196948.542879 	 347010485 	 275010261
51674979.057450 	 350010474 	 275010261
51158229.266876 	 350010414 	 275010261
50646646.974207 	 343010662 	 275010261
50140180.504465 	 345010656 	 275010261
49638778.699420 	 354010814 	 275010261
49142390.912426 	 366010829 	 275010261
48650967.003302 	 346010760 	 275010261
48164457.333269 	 348010672 	 275010261
47682812.759936 	 357010683 	 275010261
47205984.632337 	 349010409 	 275010261
46733924.786014 	 357010315 	 275010261
46266585.538153 	 376010423 	 275010261
45803919.682772 	 389010189 	 275010261
45345880.485944 	 389010268 	 275010261
44892421.681085 	 391010284 	 275010261
44443497.464274 	 389010134 	 275010261
43999062.489631 	 373010166 	 275010261
43559071.864735 	 383010015 	 275010261
43123481.146087 	 368010235 	 275010261
42692246.334627 	 360010376 	 275010261
42265323.871280 	 343010276 	 275010261
41842670.632568 	 333010314 	 275010261
41424243.926242 	 325010393 	 275010261
41010001.486979 	 330010628 	 275010261
40599901.472110 	 307010470 	 275010261
40193902.457389 	 308010721 	 275010261
39791963.432815 	 302010711 	 275010261
39394043.798487 	 292010724 	 275010261
39000103.360502 	 302010663 	 275010261
38610102.326897 	 308010841 	 275010261
38224001.303628 	 293010792 	 275010261
37841761.290591 	 303010926 	 275010261
37463343.677685 	 313010877 	 275010261
37088710.240909 	 316010743 	 275010261
36717823.138500 	 328010677 	 275010261
36350644.907115 	 321010716 	 275010261
35987138.458043 	 317010453 	 275010261
35627267.073463 	 323010363 	 275010261
35270994.402728 	 315010492 	 275010261
34918284.458701 	 313010547 	 275010261
34569101.614114 	 325010525 	 275010261
34223410.597973 	 313010492 	 275010261
33881176.491993 	 317010467 	 275010261
33542364.727073 	 327010429 	 275010261
33206941.079803 	 311010454 	 275010261
32874871.669004 	 325010341 	 275010261
32546122.952314 	 319010208 	 275010261
32220661.722791 	 339010141 	 275010261
31898455.105563 	 334010073 	 275010261
31579470.554508 	 342010193 	 275010261
31263675.848963 	 346010301 	 275010261
30951039.090473 	 356010224 	 275010261
30641528.699568 	 340010280 	 275010261
30335113.412573 	 300010194 	 275010261
30031762.278447 	 276010292 	 274010403
29731444.655662 	 268010202 	 264010291
29434130.209106 	 259010161 	 259010161
29139788.907015 	 259010096 	 259010096
28848391.017945 	 270010007 	 259010096
28559907.107765 	 291010056 	 259010096
28274308.036688 	 275009991 	 259010096
27991564.956321 	 269010026 	 259010096
27711649.306757 	 283009658 	 259010096
27434532.813690 	 289009837 	 259010096
27160187.485553 	 295009871 	 259010096
26888585.610697 	 295009832 	 259010096
26619699.754590 	 313009917 	 259010096
26353502.757045 	 331009644 	 259010096
26089967.729474 	 333009614 	 259010096
25829068.052179 	 345009669 	 259010096
25570777.371658 	 333009812 	 259010096
25315069.597941 	 330010051 	 259010096
25061918.901962 	 358010185 	 259010096
24811299.712942 	 344010221 	 259010096
24563186.715813 	 330010177 	 259010096
24317554.848654 	 322010168 	 259010096
24074379.300168 	 324010127 	 259010096
23833635.507166 	 302009963 	 259010096
23595299.152095 	 310010064 	 259010096
23359346.160574 	 312010086 	 259010096
23125752.698968 	 312010270 	 259010096
22894495.171978 	 327010126 	 259010096
22665550.220258 	 326010211 	 259010096
22438894.718056 	 330010062 	 259010096
22214505.770875 	 330010144 	 259010096
21992360.713166 	 334010093 	 259010096
21772437.106035 	 337010067 	 259010096
21554712.734974 	 330010047 	 259010096
21339165.607625 	 323010013 	 259010096
21125773.951548 	 305010056 	 259010096
20914516.212033 	 307010024 	 259010096
20705371.049913 	 310010126 	 259010096
20498317.339414 	 307009847 	 259010096
20293334.166019 	 301009777 	 259010096
20090400.824359 	 337009885 	 259010096
19889496.816116 	 349009813 	 259010096
19690601.847954 	 349009530 	 259010096
19493695.829475 	 345009500 	 259010096
19298758.871180 	 341009690 	 259010096
19105771.282468 	 341009854 	 259010096
18914713.569644 	 351009845 	 259010096
18725566.433947 	 355010056 	 259010096
18538310.769608 	 345010088 	 259010096
18352927.661912 	 351010159 	 259010096
18169398.385293 	 341010248 	 259010096
17987704.401440 	 337010236 	 259010096
17807827.357425 	 345010150 	 259010096
17629749.083851 	 349010232 	 259010096
17453451.593012 	 335010312 	 259010096
17278917.077082 	 329010333 	 259010096
17106127.906312 	 343010426 	 259010096
16935066.627248 	 315010377 	 259010096
16765715.960976 	 301010499 	 259010096
16598058.801366 	 307010616 	 259010096
16432078.213353 	 333010747 	 259010096
16267757.431219 	 329010659 	 259010096
16105079.856907 	 341010457 	 259010096
15944029.058338 	 345010566 	 259010096
15784588.767754 	 343010411 	 259010096
15626742.880077 	 331010323 	 259010096
15470475.451276 	 331010483 	 259010096
15315770.696763 	 321010292 	 259010096
15162612.989796 	 337010275 	 259010096
15010986.859898 	 327010327 	 259010096
14860876.991299 	 319010416 	 259010096
14712268.221386 	 321010537 	 259010096
14565145.539172 	 313010188 	 259010096
14419494.083780 	 318010201 	 259010096
14275299.142942 	 318010221 	 259010096
14132546.151513 	 323010605 	 259010096
13991220.689998 	 330010468 	 259010096
13851308.483098 	 338010409 	 259010096
13712795.398267 	 318010509 	 259010096
13575667.444284 	 329010722 	 259010096
13439910.769841 	 304010718 	 259010096
13305511.662143 	 311010950 	 259010096
13172456.545521 	 293010961 	 259010096
13040731.980066 	 299011029 	 259010096
12910324.660266 	 295011143 	 259010096
12781221.413663 	 299010737 	 259010096
12653409.199526 	 314010591 	 259010096
12526875.107531 	 300010579 	 259010096
12401606.356456 	 296010642 	 259010096
12277590.292891 	 306011025 	 259010096
12154814.389962 	 270010879 	 259010096
12033266.246063 	 290010910 	 259010096
11912933.583602 	 292010905 	 259010096
11793804.247766 	 300010729 	 259010096
11675866.205288 	 292010679 	 259010096
11559107.543235 	 290010411 	 259010096
11443516.467803 	 304010314 	 259010096
11329081.303125 	 320010432 	 259010096
11215790.490094 	 328010366 	 259010096
11103632.585193 	 314010620 	 259010096
10992596.259341 	 324010583 	 259010096
10882670.296748 	 302010581 	 259010096
10773843.593780 	 313010919 	 259010096
10666105.157842 	 333011016 	 259010096
10559444.106264 	 343010654 	 259010096
10453849.665201 	 329010836 	 259010096
10349311.168549 	 329010894 	 259010096
10245818.056864 	 357010563 	 259010096
10143359.876295 	 363010364 	 259010096
10041926.277532 	 352010403 	 259010096
9941507.014757 	 368010366 	 259010096
9842091.944609 	 352010276 	 259010096
9743671.025163 	 354010271 	 259010096
9646234.314912 	 363010162 	 259010096
9549771.971762 	 361010313 	 259010096
9454274.252045 	 363010559 	 259010096
9359731.509524 	 376010498 	 259010096
9266134.194429 	 336010476 	 259010096
9173472.852485 	 348010561 	 259010096
9081738.123960 	 351010531 	 259010096
8990920.742720 	 338010514 	 259010096
8901011.535293 	 337010676 	 259010096
8812001.419940 	 331010626 	 259010096
8723881.405741 	 327010595 	 259010096
8636642.591683 	 311010861 	 259010096
8550276.165767 	 323010844 	 259010096
8464773.404109 	 318010934 	 259010096
8380125.670068 	 326010778 	 259010096
8296324.413367 	 338010966 	 259010096
8213361.169233 	 329010958 	 259010096
8131227.557541 	 332010764 	 259010096
8049915.281966 	 329010787 	 259010096
7969416.129146 	 335010677 	 259010096
7889721.967855 	 343010705 	 259010096
7810824.748176 	 331010608 	 259010096
7732716.500694 	 334010597 	 259010096
7655389.335687 	 327010528 	 259010096
7578835.442330 	 367010228 	 259010096
7503047.087907 	 360010427 	 259010096
7428016.617028 	 353010317 	 259010096
7353736.450858 	 345010486 	 259010096
7280199.086349 	 318010636 	 259010096
7207397.095486 	 319010438 	 259010096
7135323.124531 	 319010561 	 259010096
7063969.893286 	 307010608 	 259010096
6993330.194353 	 305010313 	 259010096
6923396.892409 	 299010483 	 259010096
6854162.923485 	 278010619 	 259010096
6785621.294250 	 282010478 	 259010096
6717765.081308 	 292010387 	 259010096
6650587.430495 	 312010386 	 259010096
6584081.556190 	 309010285 	 259010096
6518240.740628 	 314010512 	 259010096
6453058.333222 	 344010435 	 259010096
6388527.749889 	 337010438 	 259010096
6324642.472390 	 335010596 	 259010096
6261396.047667 	 336010523 	 259010096
6198782.087190 	 348010742 	 259010096
6136794.266318 	 350010768 	 259010096
6075426.323655 	 354010668 	 259010096
6014672.060418 	 335010556 	 259010096
5954525.339814 	 324010583 	 259010096
5894980.086416 	 298010651 	 259010096
5836030.285552 	 300010659 	 259010096
5777669.982696 	 339010528 	 259010096
5719893.282869 	 335010699 	 259010096
5662694.350041 	 335010651 	 259010096
5606067.406540 	 336010633 	 259010096
5550006.732475 	 337010577 	 259010096
5494506.665150 	 327010645 	 259010096
5439561.598499 	 335010550 	 259010096
5385165.982514 	 321010558 	 259010096
5331314.322688 	 341010391 	 259010096
5278001.179462 	 360010500 	 259010096
5225221.167667 	 352010451 	 259010096
5172968.955990 	 355010093 	 259010096
5121239.266430 	 354010049 	 259010096
5070026.873766 	 361009959 	 259010096
5019326.605028 	 363009954 	 259010096
4969133.338978 	 375010216 	 259010096
4919442.005588 	 373010290 	 259010096
4870247.585532 	 378010336 	 259010096
4821545.109677 	 382010108 	 259010096
4773329.658580 	 388010162 	 259010096
4725596.361995 	 372010044 	 259010096
4678340.398375 	 366010135 	 259010096
4631556.994391 	 374010231 	 259010096
4585241.424447 	 372010533 	 259010096
4539389.010202 	 378010483 	 259010096
4493995.120100 	 372010381 	 259010096
4449055.168899 	 370010377 	 259010096
4404564.617210 	 346010572 	 259010096
4360518.971038 	 343010708 	 259010096
4316913.781328 	 347010867 	 259010096
4273744.643515 	 347011057 	 259010096
4231007.197080 	 345010848 	 259010096
4188697.125109 	 341010655 	 259010096
4146810.153858 	 401010503 	 259010096
4105342.052319 	 407010467 	 259010096
4064288.631796 	 399010371 	 259010096
4023645.745478 	 397010412 	 259010096
3983409.288023 	 371010531 	 259010096
3943575.195143 	 357010535 	 259010096
3904139.443191 	 355010559 	 259010096
3865098.048760 	 349010560 	 259010096
3826447.068272 	 345010726 	 259010096
3788182.597589 	 340010644 	 259010096
3750300.771613 	 340010824 	 259010096
3712797.763897 	 316010659 	 259010096
3675669.786258 	 304010425 	 259010096
3638913.088396 	 320010474 	 259010096
3602523.957512 	 336010514 	 259010096
3566498.717937 	 336010656 	 259010096
3530833.730757 	 334010402 	 259010096
3495525.393450 	 329010413 	 259010096
3460570.139515 	 351010459 	 259010096
3425964.438120 	 351010324 	 259010096
3391704.793739 	 376010288 	 259010096
3357787.745801 	 378010106 	 259010096
3324209.868343 	 374010216 	 259010096
3290967.769660 	 378010238 	 259010096
3258058.091963 	 373010270 	 259010096
3225477.511044 	 363010106 	 259010096
3193222.735933 	 364010129 	 259010096
3161290.508574 	 342010076 	 259010096
3129677.603488 	 336009977 	 259010096
3098380.827453 	 325009991 	 259010096
3067397.019179 	 329010051 	 259010096
3036723.048987 	 324010132 	 259010096
3006355.818497 	 341010228 	 259010096
2976292.260312 	 343010303 	 259010096
2946529.337709 	 345010377 	 259010096
2917064.044332 	 315010344 	 259010096
2887893.403889 	 305010438 	 259010096
2859014.469850 	 302010182 	 259010096
2830424.325151 	 320010089 	 259010096
2802120.081900 	 324010150 	 259010096
2774098.881081 	 324010103 	 259010096
2746357.892270 	 328010030 	 259010096
2718894.313347 	 326009859 	 259010096
2691705.370214 	 340009971 	 259010096
2664788.316512 	 343009922 	 259010096
2638140.433347 	 351010007 	 259010096
2611759.029013 	 350010303 	 259010096
2585641.438723 	 357010265 	 259010096
2559785.024336 	 347010430 	 259010096
2534187.174092 	 353010703 	 259010096
2508845.302351 	 351010611 	 259010096
2483756.849328 	 351010488 	 259010096
2458919.280835 	 343010575 	 259010096
2434330.088026 	 333010629 	 259010096
2409986.787146 	 311010626 	 259010096
2385886.919275 	 301010307 	 259010096
2362028.050082 	 293010550 	 259010096
2338407.769581 	 283010611 	 259010096
2315023.691885 	 280010382 	 259010096
2291873.454966 	 285010658 	 259010096
2268954.720417 	 279010658 	 259010096
2246265.173212 	 301010535 	 259010096
2223802.521480 	 315010705 	 259010096
2201564.496266 	 329010677 	 259010096
2179548.851303 	 314010757 	 259010096
2157753.362790 	 323010714 	 259010096
2136175.829162 	 315010653 	 259010096
2114814.070870 	 311010724 	 259010096
2093665.930162 	 323010553 	 259010096
2072729.270860 	 330010622 	 259010096
2052001.978151 	 327010390 	 259010096
2031481.958370 	 330010443 	 259010096
2011167.138786 	 332010493 	 259010096
1991055.467398 	 330010332 	 259010096
1971144.912724 	 326010342 	 259010096
1951433.463597 	 321010507 	 259010096
1931919.128961 	 315010398 	 259010096
1912599.937672 	 321010516 	 259010096
1893473.938295 	 317010662 	 259010096
1874539.198912 	 325010634 	 259010096
1855793.806923 	 309010756 	 259010096
1837235.868854 	 307010734 	 259010096
1818863.510165 	 319010782 	 259010096
1800674.875063 	 327011150 	 259010096
1782668.126313 	 351011263 	 259010096
1764841.445050 	 359011208 	 259010096
1747193.030599 	 373011244 	 259010096
1729721.100293 	 369011217 	 259010096
1712423.889290 	 363011117 	 259010096
1695299.650397 	 349010941 	 259010096
1678346.653893 	 361010926 	 259010096
1661563.187354 	 355010704 	 259010096
1644947.555481 	 343010652 	 259010096
1628498.079926 	 347010626 	 259010096
1612213.099127 	 350010498 	 259010096
1596090.968135 	 324010766 	 259010096
1580130.058454 	 313010798 	 259010096
1564328.757870 	 323010572 	 259010096
1548685.470291 	 313010520 	 259010096
1533198.615588 	 321010449 	 259010096
1517866.629432 	 309010384 	 259010096
1502687.963138 	 319010464 	 259010096
1487661.083506 	 312010516 	 259010096
1472784.472671 	 314010599 	 259010096
1458056.627945 	 324010394 	 259010096
1443476.061665 	 332010502 	 259010096
1429041.301049 	 329010342 	 259010096
1414750.888038 	 337010451 	 259010096
1400603.379158 	 336010301 	 259010096
1386597.345366 	 357010259 	 259010096
1372731.371912 	 349010212 	 259010096
1359004.058193 	 347010163 	 259010096
1345414.017611 	 333010048 	 259010096
1331959.877435 	 337010278 	 259010096
1318640.278661 	 348010344 	 259010096
1305453.875874 	 340010403 	 259010096
1292399.337116 	 356010471 	 259010096
1279475.343744 	 344010366 	 259010096
1266680.590307 	 350010380 	 259010096
1254013.784404 	 344010023 	 259010096
1241473.646560 	 321010230 	 259010096
1229058.910094 	 332010455 	 259010096
1216768.320993 	 342010515 	 259010096
1204600.637783 	 340010258 	 259010096
1192554.631406 	 348010191 	 259010096
1180629.085091 	 355010093 	 259010096
1168822.794241 	 373010120 	 259010096
1157134.566298 	 349010127 	 259010096
1145563.220635 	 369010114 	 259010096
1134107.588429 	 366010087 	 259010096
1122766.512545 	 350010046 	 259010096
1111538.847419 	 336010260 	 259010096
1100423.458945 	 324010165 	 259010096
1089419.224355 	 327010203 	 259010096
1078525.032112 	 326010086 	 259010096
1067739.781791 	 323010297 	 259010096
1057062.383973 	 328010129 	 259010096
1046491.760133 	 319010156 	 259010096
1036026.842532 	 330010239 	 259010096
1025666.574106 	 362010259 	 259010096
1015409.908365 	 372010261 	 259010096
1005255.809282 	 386010302 	 259010096
995203.251189 	 380010422 	 259010096
985251.218677 	 372010467 	 259010096
975398.706490 	 372010329 	 259010096
965644.719425 	 346010424 	 259010096
955988.272231 	 364010561 	 259010096
946428.389509 	 344010364 	 259010096
936964.105614 	 365010064 	 259010096
927594.464558 	 369010008 	 259010096
918318.519912 	 352009975 	 259010096
909135.334713 	 355010118 	 259010096
900043.981366 	 367010149 	 259010096
891043.541552 	 368009935 	 259010096
882133.106137 	 342010027 	 259010096
873311.775075 	 342009992 	 259010096
864578.657324 	 332010195 	 259010096
855932.870751 	 332010088 	 259010096
847373.542044 	 306010173 	 259010096
838899.806623 	 310010289 	 259010096
830510.808557 	 310010234 	 259010096
822205.700471 	 308010620 	 259010096
813983.643467 	 307010358 	 259010096
805843.807032 	 296010462 	 259010096
797785.368962 	 306010218 	 259010096
789807.515272 	 303010119 	 259010096
781909.440119 	 305010174 	 259010096
774090.345718 	 309010181 	 259010096
766349.442261 	 302010092 	 259010096
758685.947838 	 308010011 	 259010096
751099.088360 	 310010071 	 259010096
743588.097476 	 314010014 	 259010096
736152.216502 	 328010025 	 259010096
728790.694337 	 303010298 	 259010096
721502.787393 	 309010276 	 259010096
714287.759519 	 308010305 	 259010096
707144.881924 	 314010185 	 259010096
700073.433105 	 327010425 	 259010096
693072.698774 	 317010384 	 259010096
686141.971786 	 309010450 	 259010096
679280.552068 	 307010367 	 259010096
672487.746548 	 310010419 	 259010096
665762.869082 	 299010315 	 259010096
659105.240391 	 307010354 	 259010096
652514.187987 	 307010354 	 259010096
645989.046108 	 306010631 	 259010096
639529.155646 	 317010707 	 259010096
633133.864090 	 309010698 	 259010096
626802.525449 	 332010630 	 259010096
620534.500195 	 351010499 	 259010096
614329.155193 	 345010529 	 259010096
608185.863641 	 354010731 	 259010096
602104.005004 	 348010754 	 259010096
596082.964954 	 341010818 	 259010096
590122.135305 	 332010788 	 259010096
584220.913952 	 346010909 	 259010096
578378.704812 	 346010545 	 259010096
572594.917764 	 324010538 	 259010096
566868.968586 	 356010442 	 259010096
561200.278901 	 384010525 	 259010096
555588.276112 	 378010538 	 259010096
550032.393350 	 384010724 	 259010096
544532.069417 	 388010759 	 259010096
539086.748723 	 365011251 	 259010096
533695.881236 	 365011401 	 259010096
528358.922423 	 326011528 	 259010096
523075.333199 	 318011520 	 259010096
517844.579867 	 302011689 	 259010096
512666.134068 	 298011585 	 259010096
507539.472728 	 295011773 	 259010096
502464.078000 	 300011616 	 259010096
497439.437220 	 283011406 	 259010096
492465.042848 	 295011381 	 259010096
487540.392420 	 301011248 	 259010096
482664.988495 	 283011051 	 259010096
477838.338610 	 299010981 	 259010096
473059.955224 	 303010627 	 259010096
468329.355672 	 293010874 	 259010096
463646.062115 	 303010850 	 259010096
459009.601494 	 305010701 	 259010096
454419.505479 	 317010883 	 259010096
449875.310425 	 319010829 	 259010096
445376.557320 	 325010945 	 259010096
440922.791747 	 327010758 	 259010096
436513.563830 	 341010723 	 259010096
432148.428191 	 341010599 	 259010096
427826.943909 	 321010599 	 259010096
423548.674470 	 315010553 	 259010096
419313.187726 	 327010817 	 259010096
415120.055848 	 307010704 	 259010096
410968.855290 	 314010676 	 259010096
406859.166737 	 318010652 	 259010096
402790.575070 	 318010708 	 259010096
398762.669319 	 315010832 	 259010096
394775.042626 	 334010729 	 259010096
390827.292199 	 336010806 	 259010096
386919.019277 	 332010642 	 259010096
383049.829085 	 335010512 	 259010096
379219.330794 	 341010558 	 259010096
375427.137486 	 346010354 	 259010096
371672.866111 	 366010203 	 259010096
367956.137450 	 366010283 	 259010096
364276.576075 	 336010450 	 259010096
360633.810315 	 328010447 	 259010096
357027.472212 	 324010386 	 259010096
353457.197489 	 302010444 	 259010096
349922.625515 	 324010523 	 259010096
346423.399259 	 325010521 	 259010096
342959.165267 	 331010789 	 259010096
339529.573614 	 339010841 	 259010096
336134.277878 	 322010580 	 259010096
332772.935099 	 318010337 	 259010096
329445.205748 	 318010661 	 259010096
326150.753691 	 320010744 	 259010096
322889.246154 	 314010145 	 259010096
319660.353692 	 324010137 	 259010096
316463.750155 	 321010213 	 259010096
313299.112654 	 327010291 	 259010096
310166.121527 	 343010267 	 259010096
307064.460312 	 342010363 	 259010096
303993.815709 	 339010414 	 259010096
300953.877552 	 325010591 	 259010096
297944.338776 	 341010406 	 259010096
294964.895388 	 330010114 	 259010096
292015.246435 	 330010385 	 259010096
289095.093970 	 335010418 	 259010096
286204.143031 	 345010738 	 259010096
283342.101600 	 345010698 	 259010096
280508.680584 	 343010449 	 259010096
277703.593778 	 349010695 	 259010096
274926.557841 	 339010795 	 259010096
272177.292262 	 327010703 	 259010096
269455.519340 	 323010755 	 259010096
266760.964146 	 315010667 	 259010096
264093.354505 	 315010602 	 259010096
261452.420960 	 325010463 	 259010096
258837.896750 	 323010614 	 259010096
256249.517783 	 327010494 	 259010096
253687.022605 	 335010424 	 259010096
251150.152379 	 321010653 	 259010096
248638.650855 	 319010640 	 259010096
246152.264346 	 291010882 	 259010096
243690.741703 	 289010774 	 259010096
241253.834286 	 307010648 	 259010096
238841.295943 	 311010503 	 259010096
236452.882984 	 323010498 	 259010096
234088.354154 	 316010418 	 259010096
231747.470612 	 316010470 	 259010096
229429.995906 	 332010550 	 259010096
227135.695947 	 346010398 	 259010096
224864.338988 	 340010235 	 259010096
222615.695598 	 344010158 	 259010096
220389.538642 	 369010240 	 259010096
218185.643255 	 371010462 	 259010096
216003.786823 	 380010411 	 259010096
213843.748955 	 380010454 	 259010096
211705.311465 	 356010321 	 259010096
209588.258350 	 360010386 	 259010096
207492.375767 	 355010484 	 259010096
205417.452009 	 341010592 	 259010096
203363.277489 	 359010606 	 259010096
201329.644714 	 360010571 	 259010096
199316.348267 	 360010519 	 259010096
197323.184784 	 355010352 	 259010096
195349.952937 	 346010324 	 259010096
193396.453407 	 362010241 	 259010096
191462.488873 	 348010158 	 259010096
189547.863984 	 352009966 	 259010096
187652.385345 	 358010006 	 259010096
185775.861491 	 361009967 	 259010096
183918.102876 	 360010067 	 259010096
182078.921847 	 358010099 	 259010096
180258.132629 	 379010122 	 259010096
178455.551303 	 383010226 	 259010096
176670.995790 	 374009970 	 259010096
174904.285832 	 374009795 	 259010096
173155.242973 	 369010016 	 259010096
171423.690544 	 361010391 	 259010096
169709.453638 	 361010309 	 259010096
168012.359102 	 365010721 	 259010096
166332.235511 	 372010782 	 259010096
164668.913156 	 376010880 	 259010096
163022.224024 	 361010704 	 259010096
161392.001784 	 361010879 	 259010096
159778.081766 	 351010779 	 259010096
158180.300948 	 355010881 	 259010096
156598.497939 	 359010922 	 259010096
155032.512960 	 365010652 	 259010096
153482.187830 	 335010812 	 259010096
151947.365952 	 334010792 	 259010096
150427.892292 	 308010904 	 259010096
148923.613369 	 305010821 	 259010096
147434.377236 	 311010953 	 259010096
145960.033463 	 318010491 	 259010096
144500.433129 	 315010424 	 259010096
143055.428797 	 321010551 	 259010096
141624.874509 	 337010787 	 259010096
140208.625764 	 341010742 	 259010096
138806.539507 	 337010924 	 259010096
137418.474111 	 344010976 	 259010096
136044.289370 	 353010967 	 259010096
134683.846477 	 363010929 	 259010096
133337.008012 	 353010853 	 259010096
132003.637932 	 343010803 	 259010096
130683.601552 	 341010809 	 259010096
129376.765537 	 339010955 	 259010096
128082.997882 	 339011015 	 259010096
126802.167903 	 345011035 	 259010096
125534.146224 	 340011134 	 259010096
124278.804761 	 345011155 	 259010096
123036.016714 	 349010902 	 259010096
121805.656547 	 349010760 	 259010096
120587.599981 	 359010653 	 259010096
119381.723981 	 339010766 	 259010096
118187.906742 	 351010779 	 259010096
117006.027674 	 353010845 	 259010096
115835.967397 	 321011013 	 259010096
114677.607723 	 328010866 	 259010096
113530.831646 	 329010936 	 259010096
112395.523330 	 303010950 	 259010096
111271.568096 	 297010773 	 259010096
110158.852416 	 302010905 	 259010096
109057.263891 	 316010695 	 259010096
107966.691252 	 314010682 	 259010096
106887.024340 	 298010502 	 259010096
105818.154097 	 290010617 	 259010096
104759.972556 	 312010811 	 259010096
103712.372830 	 306010687 	 259010096
102675.249102 	 316010498 	 259010096
101648.496611 	 296010633 	 259010096
100632.011645 	 288010704 	 259010096
99625.691528 	 290010528 	 259010096
98629.434613 	 306010489 	 259010096
97643.140267 	 296010517 	 259010096
96666.708864 	 278010333 	 259010096
95700.041775 	 278010458 	 259010096
94743.041358 	 282010413 	 259010096
93795.610944 	 285010678 	 259010096
92857.654835 	 275010361 	 259010096
91929.078286 	 289010307 	 259010096
91009.787503 	 307010296 	 259010096
90099.689628 	 295010042 	 259010096
89198.692732 	 301010395 	 259010096
88306.705805 	 305010364 	 259010096
87423.638747 	 327010478 	 259010096
86549.402359 	 323010536 	 259010096
85683.908336 	 346010433 	 259010096
84827.069252 	 332010449 	 259010096
83978.798560 	 317010338 	 259010096
83139.010574 	 311010470 	 259010096
82307.620468 	 303010525 	 259010096
81484.544264 	 297010665 	 259010096
80669.698821 	 329010601 	 259010096
79863.001833 	 332010730 	 259010096
79064.371815 	 312010492 	 259010096
78273.728096 	 344010676 	 259010096
77490.990816 	 349010576 	 259010096
76716.080907 	 351010562 	 259010096
75948.920098 	 351010534 	 259010096
75189.430897 	 360010618 	 259010096
74437.536588 	 346010530 	 259010096
73693.161222 	 342010615 	 259010096
72956.229610 	 336010482 	 259010096
72226.667314 	 335010491 	 259010096
71504.400641 	 335010391 	 259010096
70789.356635 	 351010251 	 259010096
70081.463068 	 383010148 	 259010096
69380.648438 	 384010118 	 259010096
68686.841953 	 386010261 	 259010096
67999.973534 	 384010382 	 259010096
67319.973798 	 381010290 	 259010096
66646.774060 	 378010273 	 259010096
65980.306320 	 368009978 	 259010096
65320.503257 	 378009946 	 259010096
64667.298224 	 376009987 	 259010096
64020.625242 	 374010037 	 259010096
63380.418989 	 374010137 	 259010096
62746.614799 	 362009841 	 259010096
62119.148651 	 344009685 	 259010096
61497.957165 	 330009770 	 259010096
60882.977593 	 324009876 	 259010096
60274.147817 	 312010103 	 259010096
59671.406339 	 316010125 	 259010096
59074.692276 	 330010197 	 259010096
58483.945353 	 326010098 	 259010096
57899.105899 	 326010154 	 259010096
57320.114840 	 324010029 	 259010096
56746.913692 	 320010150 	 259010096
56179.444555 	 348009880 	 259010096
55617.650110 	 368009825 	 259010096
55061.473608 	 349009941 	 259010096
54510.858872 	 359010040 	 259010096
53965.750284 	 349009811 	 259010096
53426.092781 	 342009775 	 259010096
52891.831853 	 340010003 	 259010096
52362.913534 	 338009954 	 259010096
51839.284399 	 350010024 	 259010096
51320.891555 	 356010204 	 259010096
50807.682640 	 360009866 	 259010096
50299.605813 	 359009920 	 259010096
49796.609755 	 377009989 	 259010096
49298.643658 	 372010277 	 259010096
48805.657221 	 366010335 	 259010096
48317.600649 	 358010303 	 259010096
47834.424642 	 360010417 	 259010096
47356.080396 	 361010443 	 259010096
46882.519592 	 358010557 	 259010096
46413.694396 	 350010303 	 259010096
45949.557452 	 348010392 	 259010096
45490.061877 	 341010217 	 259010096
45035.161259 	 368010155 	 259010096
44584.809646 	 376010063 	 259010096
44138.961550 	 373010195 	 259010096
43697.571934 	 379010215 	 259010096
43260.596215 	 360010086 	 259010096
42827.990253 	 361010162 	 259010096
42399.710350 	 365010210 	 259010096
41975.713247 	 348010099 	 259010096
41555.956114 	 337010335 	 259010096
41140.396553 	 335010279 	 259010096
40728.992588 	 341010245 	 259010096
40321.702662 	 347010437 	 259010096
39918.485635 	 355010479 	 259010096
39519.300779 	 341010788 	 259010096
39124.107771 	 357010887 	 259010096
38732.866693 	 341010956 	 259010096
38345.538026 	 349011019 	 259010096
37962.082646 	 341010897 	 259010096
37582.461820 	 341010876 	 259010096
37206.637201 	 329010985 	 259010096
36834.570829 	 309010814 	 259010096
36466.225121 	 311010909 	 259010096
36101.562870 	 304010927 	 259010096
35740.547241 	 317010815 	 259010096
35383.141769 	 308010654 	 259010096
35029.310351 	 294010799 	 259010096
34679.017247 	 286010691 	 259010096
34332.227075 	 311010745 	 259010096
33988.904804 	 303010795 	 259010096
33649.015756 	 293010512 	 259010096
33312.525599 	 309010481 	 259010096
32979.400343 	 315010552 	 259010096
32649.606339 	 317010536 	 259010096
32323.110276 	 331010478 	 259010096
31999.879173 	 335010658 	 259010096
31679.880381 	 337010716 	 259010096
31363.081578 	 346010803 	 259010096
31049.450762 	 319010932 	 259010096
30738.956254 	 309011074 	 259010096
30431.566692 	 302011049 	 259010096
30127.251025 	 293011050 	 259010096
29825.978514 	 297010860 	 259010096
29527.718729 	 307010850 	 259010096
29232.441542 	 312010850 	 259010096
28940.117127 	 308010824 	 259010096
28650.715955 	 311010760 	 259010096
28364.208796 	 309010558 	 259010096
28080.566708 	 338010699 	 259010096
27799.761041 	 352010806 	 259010096
27521.763430 	 340010829 	 259010096
27246.545796 	 334011085 	 259010096
26974.080338 	 344011123 	 259010096
26704.339535 	 362011030 	 259010096
26437.296139 	 345010990 	 259010096
26172.923178 	 355010836 	 259010096
25911.193946 	 345010652 	 259010096
25652.082007 	 331010518 	 259010096
25395.561187 	 347010241 	 259010096
25141.605575 	 353010424 	 259010096
24890.189519 	 327010580 	 259010096
24641.287624 	 333010981 	 259010096
24394.874748 	 325010593 	 259010096
24150.926000 	 331010846 	 259010096
23909.416740 	 327010615 	 259010096
23670.322573 	 341010591 	 259010096
23433.619347 	 327010482 	 259010096
23199.283154 	 321010516 	 259010096
22967.290322 	 305010408 	 259010096
22737.617419 	 307010440 	 259010096
22510.241245 	 312010621 	 259010096
22285.138832 	 320010757 	 259010096
22062.287444 	 308010824 	 259010096
21841.664569 	 307010894 	 259010096
21623.247924 	 302010928 	 259010096
21407.015444 	 297010784 	 259010096
21192.945290 	 306010794 	 259010096
20981.015837 	 292010876 	 259010096
20771.205679 	 286011013 	 259010096
20563.493622 	 292010988 	 259010096
20357.858686 	 320010767 	 259010096
20154.280099 	 302010839 	 259010096
19952.737298 	 297011046 	 259010096
19753.209925 	 287011132 	 259010096
19555.677826 	 283010904 	 259010096
19360.121047 	 271010552 	 259010096
19166.519837 	 267010569 	 259010096
18974.854639 	 292010562 	 259010096
18785.106092 	 284010681 	 259010096
18597.255031 	 298010795 	 259010096
18411.282481 	 302010941 	 259010096
18227.169656 	 317010633 	 259010096
18044.897960 	 307010684 	 259010096
17864.448980 	 290010428 	 259010096
17685.804490 	 302010233 	 259010096
17508.946445 	 302010119 	 259010096
17333.856981 	 325010252 	 259010096
17160.518411 	 319010363 	 259010096
16988.913227 	 307010471 	 259010096
16819.024095 	 306010420 	 259010096
16650.833854 	 301010468 	 259010096
16484.325515 	 303010323 	 259010096
16319.482260 	 305010215 	 259010096
16156.287437 	 299010530 	 259010096
15994.724563 	 293010378 	 259010096
15834.777317 	 299010239 	 259010096
15676.429544 	 311009986 	 259010096
15519.665249 	 293009931 	 259010096
15364.468596 	 301009917 	 259010096
15210.823910 	 303010003 	 259010096
15058.715671 	 309010067 	 259010096
14908.128515 	 309009953 	 259010096
14759.047229 	 324010218 	 259010096
14611.456757 	 326010531 	 259010096
14465.342189 	 322010691 	 259010096
14320.688768 	 304010520 	 259010096
14177.481880 	 288010405 	 259010096
14035.707061 	 302010362 	 259010096
13895.349991 	 297010206 	 259010096
13756.396491 	 316010292 	 259010096
13618.832526 	 309010326 	 259010096
13482.644200 	 294010285 	 259010096
13347.817758 	 301010432 	 259010096
13214.339581 	 317010474 	 259010096
13082.196185 	 326010594 	 259010096
12951.374223 	 328010889 	 259010096
12821.860481 	 322010847 	 259010096
12693.641876 	 323010521 	 259010096
12566.705457 	 319010499 	 259010096
12441.038403 	 317010420 	 259010096
12316.628019 	 315010625 	 259010096
12193.461739 	 320010457 	 259010096
12071.527121 	 332010331 	 259010096
11950.811850 	 332010510 	 259010096
11831.303732 	 326010608 	 259010096
11712.990694 	 328010618 	 259010096
11595.860787 	 326010623 	 259010096
11479.902179 	 321010810 	 259010096
11365.103158 	 319010943 	 259010096
11251.452126 	 330010574 	 259010096
11138.937605 	 320010420 	 259010096
11027.548229 	 304010568 	 259010096
10917.272746 	 310010712 	 259010096
10808.100019 	 294010622 	 259010096
10700.019019 	 277010367 	 259010096
10593.018829 	 281010524 	 259010096
10487.088640 	 308010692 	 259010096
10382.217754 	 333010876 	 259010096
10278.395576 	 320010692 	 259010096
10175.611621 	 330010505 	 259010096
10073.855504 	 318010449 	 259010096
9973.116949 	 351010415 	 259010096
9873.385780 	 336010260 	 259010096
9774.651922 	 340010260 	 259010096
9676.905403 	 358010628 	 259010096
9580.136349 	 322010639 	 259010096
9484.334985 	 328010648 	 259010096
9389.491635 	 325010362 	 259010096
9295.596719 	 354010449 	 259010096
9202.640752 	 358010519 	 259010096
9110.614344 	 364010645 	 259010096
9019.508201 	 357010661 	 259010096
8929.313119 	 357010495 	 259010096
8840.019988 	 355010519 	 259010096
8751.619788 	 335010480 	 259010096
8664.103590 	 323010387 	 259010096
8577.462554 	 327010535 	 259010096
8491.687929 	 317010824 	 259010096
8406.771049 	 303010843 	 259010096
8322.703339 	 291010486 	 259010096
8239.476305 	 304010126 	 259010096
8157.081542 	 286010175 	 259010096
8075.510727 	 308010439 	 259010096
7994.755620 	 296010325 	 259010096
7914.808063 	 308010425 	 259010096
7835.659983 	 313010323 	 259010096
7757.303383 	 331010191 	 259010096
7679.730349 	 309010208 	 259010096
7602.933046 	 307010021 	 259010096
7526.903715 	 298010016 	 259010096
7451.634678 	 318010137 	 259010096
7377.118331 	 316010152 	 259010096
7303.347148 	 325010390 	 259010096
7230.313676 	 323010279 	 259010096
7158.010540 	 311010499 	 259010096
7086.430434 	 311010421 	 259010096
7015.566130 	 311010457 	 259010096
6945.410469 	 301010432 	 259010096
6875.956364 	 307010426 	 259010096
6807.196800 	 295010390 	 259010096
6739.124832 	 291010527 	 259010096
6671.733584 	 303010280 	 259010096
6605.016248 	 305010346 	 259010096
6538.966086 	 343010395 	 259010096
6473.576425 	 333010488 	 259010096
6408.840661 	 343010816 	 259010096
6344.752254 	 347010717 	 259010096
6281.304731 	 337010686 	 259010096
6218.491684 	 339010601 	 259010096
6156.306767 	 345010528 	 259010096
6094.743700 	 353010590 	 259010096
6033.796263 	 351010619 	 259010096
5973.458300 	 347010640 	 259010096
5913.723717 	 347010545 	 259010096
5854.586480 	 345010412 	 259010096
5796.040615 	 353010546 	 259010096
5738.080209 	 347010658 	 259010096
5680.699407 	 329010343 	 259010096
5623.892413 	 345010533 	 259010096
5567.653489 	 341010336 	 259010096
5511.976954 	 346010379 	 259010096
5456.857184 	 338010345 	 259010096
5402.288612 	 329010130 	 259010096
5348.265726 	 331010155 	 259010096
5294.783069 	 323010035 	 259010096
5241.835238 	 323010279 	 259010096
5189.416886 	 331010329 	 259010096
5137.522717 	 331010264 	 259010096
5086.147490 	 355010441 	 259010096
5035.286015 	 329010585 	 259010096
4984.933155 	 309010836 	 259010096
4935.083823 	 323010901 	 259010096
4885.732985 	 299010951 	 259010096
4836.875655 	 311010790 	 259010096
4788.506899 	 305010739 	 259010096
4740.621830 	 301010755 	 259010096
4693.215611 	 285010860 	 259010096
4646.283455 	 277010960 	 259010096
4599.820621 	 283011059 	 259010096
4553.822414 	 299010986 	 259010096
4508.284190 	 309011048 	 259010096
4463.201348 	 297010923 	 259010096
4418.569335 	 319010757 	 259010096
4374.383642 	 317011000 	 259010096
4330.639805 	 308010809 	 259010096
4287.333407 	 334010781 	 259010096
4244.460073 	 338010540 	 259010096
4202.015472 	 358010449 	 259010096
4159.995318 	 356010551 	 259010096
4118.395364 	 350010528 	 259010096
4077.211411 	 352010635 	 259010096
4036.439297 	 348010641 	 259010096
3996.074904 	 358010766 	 259010096
3956.114155 	 368010702 	 259010096
3916.553013 	 364010626 	 259010096
3877.387483 	 364010464 	 259010096
3838.613608 	 366010540 	 259010096
3800.227472 	 340010442 	 259010096
3762.225197 	 327010564 	 259010096
3724.602945 	 343010820 	 259010096
3687.356916 	 349010838 	 259010096
3650.483347 	 353010756 	 259010096
3613.978513 	 357010671 	 259010096
3577.838728 	 373010669 	 259010096
3542.060341 	 367010772 	 259010096
3506.639737 	 347010855 	 259010096
3471.573340 	 339010915 	 259010096
3436.857607 	 317010681 	 259010096
3402.489031 	 317010687 	 259010096
3368.464140 	 330010724 	 259010096
3334.779499 	 325010594 	 259010096
3301.431704 	 337010589 	 259010096
3268.417387 	 341010652 	 259010096
3235.733213 	 343010559 	 259010096
3203.375881 	 337010268 	 259010096
3171.342122 	 347010263 	 259010096
3139.628701 	 361010307 	 259010096
3108.232414 	 349010268 	 259010096
3077.150090 	 349010240 	 259010096
3046.378589 	 350010292 	 259010096
3015.914803 	 352010042 	 259010096
2985.755655 	 359010155 	 259010096
2955.898098 	 334010522 	 259010096
2926.339117 	 316010337 	 259010096
2897.075726 	 308010466 	 259010096
2868.104969 	 300010562 	 259010096
2839.423919 	 294010273 	 259010096
2811.029680 	 279010477 	 259010096
2782.919383 	 282010144 	 259010096
2755.090189 	 297010455 	 259010096
2727.539288 	 309010641 	 259010096
2700.263895 	 299010683 	 259010096
2673.261256 	 288010561 	 259010096
2646.528643 	 303010348 	 259010096
2620.063357 	 293010427 	 259010096
2593.862723 	 289010470 	 259010096
2567.924096 	 293010583 	 259010096
2542.244855 	 305010448 	 259010096
2516.822406 	 311010518 	 259010096
2491.654182 	 306010475 	 259010096
2466.737641 	 311010354 	 259010096
2442.070264 	 309010352 	 259010096
2417.649561 	 307010349 	 259010096
2393.473066 	 301010407 	 259010096
2369.538335 	 305010460 	 259010096
2345.842952 	 317010383 	 259010096
2322.384522 	 303010157 	 259010096
2299.160677 	 315010365 	 259010096
2276.169070 	 291010365 	 259010096
2253.407380 	 265010346 	 259010096
2230.873306 	 260010312 	 259010096
2208.564573 	 272010198 	 254010284
2186.478927 	 256010150 	 254010284
2164.614138 	 278009974 	 254010284
2142.967996 	 273010258 	 254010284
2121.538316 	 282010616 	 254010284
2100.322933 	 303010478 	 254010284
2079.319704 	 315010701 	 254010284
2058.526507 	 327010919 	 254010284
2037.941242 	 341011005 	 254010284
2017.561829 	 327010900 	 254010284
1997.386211 	 331010980 	 254010284
1977.412349 	 348011055 	 254010284
1957.638226 	 330010797 	 254010284
1938.061843 	 345010911 	 254010284
1918.681225 	 353010791 	 254010284
1899.494413 	 349010795 	 254010284
1880.499468 	 354010883 	 254010284
1861.694474 	 356010886 	 254010284
1843.077529 	 360010836 	 254010284
1824.646754 	 345010692 	 254010284
1806.400286 	 331010668 	 254010284
1788.336283 	 338010741 	 254010284
1770.452921 	 345010920 	 254010284
1752.748391 	 347010879 	 254010284
1735.220907 	 342010758 	 254010284
1717.868698 	 344010846 	 254010284
1700.690011 	 337010951 	 254010284
1683.683111 	 337010678 	 254010284
1666.846280 	 346010607 	 254010284
1650.177817 	 338010492 	 254010284
1633.676039 	 330010552 	 254010284
1617.339279 	 318010213 	 254010284
1601.165886 	 330010264 	 254010284
1585.154227 	 334010273 	 254010284
1569.302685 	 328010171 	 254010284
1553.609658 	 340010231 	 254010284
1538.073561 	 348010218 	 254010284
1522.692826 	 334010560 	 254010284
1507.465898 	 342010795 	 254010284
1492.391239 	 348010742 	 254010284
1477.467326 	 354010829 	 254010284
1462.692653 	 350010949 	 254010284
1448.065726 	 346010809 	 254010284
1433.585069 	 344010810 	 254010284
1419.249218 	 354010883 	 254010284
1405.056726 	 336010797 	 254010284
1391.006159 	 331010632 	 254010284
1377.096097 	 320010630 	 254010284
1363.325136 	 331010500 	 254010284
1349.691885 	 337010383 	 254010284
1336.194966 	 339010389 	 254010284
1322.833017 	 339010520 	 254010284
1309.604686 	 331010299 	 254010284
1296.508640 	 333010374 	 254010284
1283.543553 	 331010386 	 254010284
1270.708118 	 329010339 	 254010284
1258.001036 	 323010186 	 254010284
1245.421026 	 327010296 	 254010284
1232.966816 	 325010347 	 254010284
1220.637148 	 298010245 	 254010284
1208.430776 	 283010353 	 254010284
1196.346468 	 291010781 	 254010284
1184.383004 	 281010715 	 254010284
1172.539174 	 290010549 	 254010284
1160.813782 	 294010296 	 254010284
1149.205644 	 306010192 	 254010284
1137.713588 	 296010115 	 254010284
1126.336452 	 317010057 	 254010284
1115.073087 	 315010010 	 254010284
1103.922356 	 325010024 	 254010284
1092.883133 	 329009982 	 254010284
1081.954302 	 321009953 	 254010284
1071.134758 	 339010085 	 254010284
1060.423411 	 349010277 	 254010284
1049.819177 	 349010224 	 254010284
1039.320985 	 353010120 	 254010284
1028.927775 	 359010281 	 254010284
1018.638497 	 359010426 	 254010284
1008.452112 	 345010663 	 254010284
998.367591 	 347010527 	 254010284
988.383915 	 342010480 	 254010284
978.500076 	 328010393 	 254010284
968.715075 	 331010247 	 254010284
959.027925 	 321010401 	 254010284
949.437645 	 329010376 	 254010284
939.943269 	 331010319 	 254010284
930.543836 	 335010202 	 254010284
921.238398 	 332010622 	 254010284
912.026014 	 364010362 	 254010284
902.905754 	 376010210 	 254010284
893.876696 	 384010240 	 254010284
884.937929 	 382010283 	 254010284
876.088550 	 374010342 	 254010284
867.327665 	 366010701 	 254010284
858.654388 	 368010724 	 254010284
850.067844 	 368010724 	 254010284
841.567166 	 345010529 	 254010284
833.151494 	 345010474 	 254010284
824.819979 	 359010520 	 254010284
816.571779 	 354010337 	 254010284
808.406061 	 352010507 	 254010284
800.322001 	 362010705 	 254010284
792.318781 	 376010843 	 254010284
784.395593 	 362010661 	 254010284
776.551637 	 360010582 	 254010284
768.786121 	 366010596 	 254010284
761.098259 	 359010675 	 254010284
753.487277 	 349010697 	 254010284
745.952404 	 361010507 	 254010284
738.492880 	 365010398 	 254010284
731.107951 	 357010381 	 254010284
723.796872 	 347010409 	 254010284
716.558903 	 335010309 	 254010284
709.393314 	 325010124 	 254010284
702.299381 	 307010405 	 254010284
695.276387 	 307010326 	 254010284
688.323623 	 301010284 	 254010284
681.440387 	 300010319 	 254010284
674.625983 	 321010282 	 254010284
667.879723 	 328010176 	 254010284
661.200926 	 308009962 	 254010284
654.588917 	 316009979 	 254010284
648.043028 	 310009862 	 254010284
641.562597 	 317009832 	 254010284
635.146971 	 300009837 	 254010284
628.795502 	 290010016 	 254010284
622.507547 	 288010085 	 254010284
616.282471 	 318009921 	 254010284
610.119646 	 320009832 	 254010284
604.018450 	 324010200 	 254010284
597.978265 	 330010138 	 254010284
591.998483 	 316010247 	 254010284
586.078498 	 318010217 	 254010284
580.217713 	 324010097 	 254010284
574.415536 	 339010071 	 254010284
568.671381 	 297010008 	 254010284
562.984667 	 314010257 	 254010284
557.354820 	 314010236 	 254010284
551.781272 	 298010196 	 254010284
546.263459 	 308010112 	 254010284
540.800825 	 311010142 	 254010284
535.392816 	 311010045 	 254010284
530.038888 	 293010311 	 254010284
524.738499 	 294010382 	 254010284
519.491114 	 305010348 	 254010284
514.296203 	 299010180 	 254010284
509.153241 	 317010155 	 254010284
504.061709 	 311010024 	 254010284
499.021092 	 310010143 	 254010284
494.030881 	 306010042 	 254010284
489.090572 	 291009898 	 254010284
484.199666 	 298010092 	 254010284
479.357669 	 313010323 	 254010284
474.564093 	 325010231 	 254010284
469.818452 	 317010159 	 254010284
465.120267 	 311010182 	 254010284
460.469065 	 323010111 	 254010284
455.864374 	 321010079 	 254010284
451.305730 	 319010076 	 254010284
446.792673 	 319010277 	 254010284
442.324746 	 315010367 	 254010284
437.901499 	 305010192 	 254010284
433.522484 	 317010113 	 254010284
429.187259 	 313010305 	 254010284
424.895386 	 311010306 	 254010284
420.646433 	 295010399 	 254010284
416.439968 	 291010190 	 254010284
412.275569 	 295010199 	 254010284
408.152813 	 272010296 	 254010284
404.071285 	 281010294 	 254010284
400.030572 	 283010502 	 254010284
396.030266 	 303010269 	 254010284
392.069963 	 305010205 	 254010284
388.149264 	 313010164 	 254010284
384.267771 	 315010081 	 254010284
380.425093 	 305009969 	 254010284
376.620843 	 304010074 	 254010284
372.854634 	 309010140 	 254010284
369.126088 	 331010027 	 254010284
365.434827 	 341010169 	 254010284
361.780479 	 331010002 	 254010284
358.162674 	 347010078 	 254010284
354.581047 	 361010203 	 254010284
351.035237 	 354010105 	 254010284
347.524884 	 329010014 	 254010284
344.049635 	 329010148 	 254010284
340.609139 	 326010307 	 254010284
337.203048 	 329010297 	 254010284
333.831017 	 327010390 	 254010284
330.492707 	 362010845 	 254010284
327.187780 	 353010746 	 254010284
323.915902 	 327010634 	 254010284
320.676743 	 313010556 	 254010284
317.469976 	 293010642 	 254010284
314.295276 	 287010497 	 254010284
311.152323 	 319010441 	 254010284
308.040800 	 311010531 	 254010284
304.960392 	 341010634 	 254010284
301.910788 	 351010533 	 254010284
298.891680 	 373010794 	 254010284
295.902763 	 376010820 	 254010284
292.943736 	 382010820 	 254010284
290.014298 	 376010496 	 254010284
287.114155 	 364010513 	 254010284
284.243014 	 338010564 	 254010284
281.400584 	 346010586 	 254010284
278.586578 	 342010798 	 254010284
275.800712 	 348010632 	 254010284
273.042705 	 344010581 	 254010284
270.312278 	 334010672 	 254010284
267.609155 	 330010642 	 254010284
264.933064 	 319010665 	 254010284
262.283733 	 335010767 	 254010284
259.660896 	 345010854 	 254010284
257.064287 	 346010824 	 254010284
254.493644 	 344010807 	 254010284
251.948707 	 356010832 	 254010284
249.429220 	 357010451 	 254010284
246.934928 	 369010460 	 254010284
244.465579 	 374010120 	 254010284
242.020923 	 378010165 	 254010284
239.600714 	 374010171 	 254010284
237.204707 	 366010342 	 254010284
234.832660 	 360010160 	 254010284
232.484333 	 353010348 	 254010284
230.159490 	 345010330 	 254010284
227.857895 	 345010483 	 254010284
225.579316 	 342010707 	 254010284
223.323523 	 354010876 	 254010284
221.090287 	 384010975 	 254010284
218.879385 	 378010961 	 254010284
216.690591 	 364010901 	 254010284
214.523685 	 370010864 	 254010284
212.378448 	 360010710 	 254010284
210.254663 	 324010746 	 254010284
208.152117 	 344010668 	 254010284
206.070596 	 340010456 	 254010284
204.009890 	 346010740 	 254010284
201.969791 	 345010769 	 254010284
199.950093 	 348010919 	 254010284
197.950592 	 340010823 	 254010284
195.971086 	 340010697 	 254010284
194.011375 	 336010535 	 254010284
192.071261 	 336010407 	 254010284
190.150549 	 342010414 	 254010284
188.249043 	 338010066 	 254010284
186.366553 	 346010265 	 254010284
184.502887 	 329010228 	 254010284
182.657859 	 353010536 	 254010284
180.831280 	 337010641 	 254010284
179.022967 	 337010375 	 254010284
177.232737 	 333010650 	 254010284
175.460410 	 327010444 	 254010284
173.705806 	 345010401 	 254010284
171.968748 	 349010539 	 254010284
170.249060 	 341010692 	 254010284
168.546570 	 325010724 	 254010284
166.861104 	 323010655 	 254010284
165.192493 	 331010718 	 254010284
163.540568 	 327010613 	 254010284
161.905162 	 315010556 	 254010284
160.286111 	 324010368 	 254010284
158.683250 	 318010576 	 254010284
157.096417 	 331010583 	 254010284
155.525453 	 331010660 	 254010284
153.970199 	 321010659 	 254010284
152.430497 	 319010696 	 254010284
150.906192 	 339010563 	 254010284
149.397130 	 329010467 	 254010284
147.903158 	 325010533 	 254010284
146.424127 	 323010543 	 254010284
144.959886 	 309010439 	 254010284
143.510287 	 309010773 	 254010284
142.075184 	 311010691 	 254010284
140.654432 	 339010661 	 254010284
139.247888 	 331010569 	 254010284
137.855409 	 353010355 	 254010284
136.476855 	 349010160 	 254010284
135.112086 	 337010006 	 254010284
133.760965 	 333009888 	 254010284
132.423356 	 321009962 	 254010284
131.099122 	 323010124 	 254010284
129.788131 	 319010344 	 254010284
128.490250 	 313010405 	 254010284
127.205347 	 285010347 	 254010284
125.933294 	 311010608 	 254010284
124.673961 	 301010569 	 254010284
123.427221 	 298010497 	 254010284
122.192949 	 312010553 	 254010284
120.971019 	 330010477 	 254010284
119.761309 	 302010421 	 254010284
118.563696 	 304010711 	 254010284
117.378059 	 329010543 	 254010284
116.204278 	 350010574 	 254010284
115.042236 	 376010459 	 254010284
113.891813 	 380010433 	 254010284
112.752895 	 361010361 	 254010284
111.625366 	 352010101 	 254010284
110.509113 	 348010171 	 254010284
109.404021 	 371010218 	 254010284
108.309981 	 377010169 	 254010284
107.226881 	 375010124 	 254010284
106.154613 	 369010140 	 254010284
105.093067 	 365009970 	 254010284
104.042136 	 369010133 	 254010284
103.001714 	 355010272 	 254010284
101.971697 	 353010333 	 254010284
100.951980 	 353010370 	 254010284
99.942461 	 351010433 	 254010284
98.943036 	 351010211 	 254010284
97.953606 	 347010198 	 254010284
96.974070 	 347010313 	 254010284
96.004329 	 366010472 	 254010284
95.044286 	 370010549 	 254010284
94.093843 	 344010587 	 254010284
93.152904 	 342010443 	 254010284
92.221375 	 360010704 	 254010284
91.299161 	 350010871 	 254010284
90.386170 	 352010714 	 254010284
89.482308 	 356010557 	 254010284
88.587485 	 366010499 	 254010284
87.701610 	 369010599 	 254010284
86.824594 	 374010754 	 254010284
85.956348 	 374010717 	 254010284
85.096785 	 372010621 	 254010284
84.245817 	 363010597 	 254010284
83.403359 	 363010596 	 254010284
82.569325 	 365010247 	 254010284
81.743632 	 363010368 	 254010284
80.926196 	 363010368 	 254010284
80.116934 	 355010621 	 254010284
79.315764 	 353010909 	 254010284
78.522607 	 349010836 	 254010284
77.737381 	 353010625 	 254010284
76.960007 	 339010690 	 254010284
76.190407 	 320010398 	 254010284
75.428503 	 324010430 	 254010284
74.674218 	 322010480 	 254010284
73.927475 	 312010431 	 254010284
73.188201 	 311010396 	 254010284
72.456319 	 325010543 	 254010284
71.731755 	 304010706 	 254010284
71.014438 	 316010818 	 254010284
70.304294 	 342010864 	 254010284
69.601251 	 332010854 	 254010284
68.905238 	 350010877 	 254010284
68.216186 	 366010877 	 254010284
67.534024 	 350010722 	 254010284
66.858684 	 340010557 	 254010284
66.190097 	 324010600 	 254010284
65.528196 	 340010750 	 254010284
64.872914 	 333010785 	 254010284
64.224185 	 331010631 	 254010284
63.581943 	 330010672 	 254010284
62.946123 	 338010677 	 254010284
62.316662 	 334010633 	 254010284
61.693496 	 332010801 	 254010284
61.076561 	 349010698 	 254010284
60.465795 	 335010656 	 254010284
59.861137 	 342010704 	 254010284
59.262526 	 324010962 	 254010284
58.669900 	 330011003 	 254010284
58.083201 	 335011168 	 254010284
57.502369 	 323011052 	 254010284
56.927346 	 309010890 	 254010284
56.358072 	 310010964 	 254010284
55.794492 	 319011017 	 254010284
55.236547 	 338011194 	 254010284
54.684181 	 333011327 	 254010284
54.137339 	 345011238 	 254010284
53.595966 	 332011442 	 254010284
53.060006 	 330011365 	 254010284
52.529406 	 325011364 	 254010284
52.004112 	 323011284 	 254010284
51.484071 	 338011289 	 254010284
50.969230 	 331011048 	 254010284
50.459538 	 341011002 	 254010284
49.954943 	 333011088 	 254010284
49.455393 	 325010983 	 254010284
48.960839 	 310010839 	 254010284
48.471231 	 314010817 	 254010284
47.986519 	 313010855 	 254010284
47.506653 	 316011015 	 254010284
47.031587 	 319011157 	 254010284
46.561271 	 317011146 	 254010284
46.095658 	 311011116 	 254010284
45.634702 	 305011058 	 254010284
45.178355 	 297010997 	 254010284
44.726571 	 285010961 	 254010284
44.279305 	 279011108 	 254010284
43.836512 	 281010899 	 254010284
43.398147 	 279010601 	 254010284
42.964166 	 279010486 	 254010284
42.534524 	 293010678 	 254010284
42.109179 	 294010749 	 254010284
41.688087 	 294010675 	 254010284
41.271206 	 292010692 	 254010284
40.858494 	 286010715 	 254010284
40.449909 	 269010661 	 254010284
40.045410 	 261010708 	 254010284
39.644956 	 260010604 	 254010284
39.248506 	 252010528 	 250010538
38.856021 	 241010578 	 241010578
38.467461 	 279010888 	 241010499
38.082787 	 281010823 	 241010499
37.701959 	 284010689 	 241010499
37.324939 	 283010476 	 241010499
36.951690 	 283010550 	 241010499
36.582173 	 295010560 	 241010499
36.216351 	 305010496 	 241010499
35.854188 	 300010181 	 241010499
35.495646 	 306010379 	 241010499
35.140689 	 308010459 	 241010499
34.789282 	 318010401 	 241010499
34.441390 	 328010142 	 241010499
34.096976 	 328010111 	 241010499
33.756006 	 347010050 	 241010499
33.418446 	 362010222 	 241010499
33.084261 	 367010279 	 241010499
32.753419 	 364010152 	 241010499
32.425885 	 348010037 	 241010499
32.101626 	 348009834 	 241010499
31.780609 	 372010032 	 241010499
31.462803 	 370010085 	 241010499
31.148175 	 360010059 	 241010499
30.836694 	 370010047 	 241010499
30.528327 	 370010227 	 241010499
30.223043 	 370010102 	 241010499
29.920813 	 358010269 	 241010499
29.621605 	 362010188 	 241010499
29.325389 	 390009962 	 241010499
29.032135 	 400010249 	 241010499
28.741814 	 386010444 	 241010499
28.454395 	 386010473 	 241010499
28.169851 	 398010474 	 241010499
27.888153 	 392010371 	 241010499
27.609271 	 408010456 	 241010499
27.333179 	 412010525 	 241010499
27.059847 	 414010470 	 241010499
26.789248 	 415010335 	 241010499
26.521356 	 429010340 	 241010499
26.256142 	 429010322 	 241010499
25.993581 	 439010383 	 241010499
25.733645 	 421010553 	 241010499
25.476309 	 413010547 	 241010499
25.221546 	 403010438 	 241010499
24.969330 	 395010462 	 241010499
24.719637 	 397010431 	 241010499
24.472440 	 391010481 	 241010499
24.227716 	 359010415 	 241010499
23.985439 	 349010447 	 241010499
23.745585 	 341010498 	 241010499
23.508129 	 337010550 	 241010499
23.273047 	 341010653 	 241010499
23.040317 	 333010699 	 241010499
22.809914 	 331010587 	 241010499
22.581815 	 335010505 	 241010499
22.355996 	 329010407 	 241010499
22.132437 	 310010294 	 241010499
21.911112 	 328010497 	 241010499
21.692001 	 340010546 	 241010499
21.475081 	 346010357 	 241010499
21.260330 	 320010352 	 241010499
21.047727 	 308010548 	 241010499
20.837250 	 338010712 	 241010499
20.628877 	 338010672 	 241010499
20.422588 	 340010848 	 241010499
20.218362 	 332010967 	 241010499
20.016179 	 296010638 	 241010499
19.816017 	 294010424 	 241010499
19.617857 	 289010294 	 241010499
19.421678 	 303010384 	 241010499
19.227462 	 323010331 	 241010499
19.035187 	 327010568 	 241010499
18.844835 	 347010467 	 241010499
18.656387 	 343010429 	 241010499
18.469823 	 315010563 	 241010499
18.285125 	 314010683 	 241010499
18.102273 	 291010555 	 241010499
17.921251 	 303010799 	 241010499
17.742038 	 299010424 	 241010499
17.564618 	 317010520 	 241010499
17.388972 	 322010561 	 241010499
17.215082 	 330010487 	 241010499
17.042931 	 356010442 	 241010499
16.872502 	 370010613 	 241010499
16.703777 	 394010808 	 241010499
16.536739 	 379010923 	 241010499
16.371372 	 381011027 	 241010499
16.207658 	 381010874 	 241010499
16.045581 	 377010961 	 241010499
15.885125 	 355010681 	 241010499
15.726274 	 368010936 	 241010499
15.569011 	 373010837 	 241010499
15.413321 	 375010707 	 241010499
15.259188 	 363010836 	 241010499
15.106596 	 359010967 	 241010499
14.955530 	 355011001 	 241010499
14.805975 	 366010780 	 241010499
14.657915 	 346010577 	 241010499
14.511336 	 350010558 	 241010499
14.366223 	 367010545 	 241010499
14.222560 	 341010411 	 241010499
14.080335 	 338010478 	 241010499
13.939532 	 338010540 	 241010499
13.800136 	 336010555 	 241010499
13.662135 	 338010576 	 241010499
13.525514 	 336010629 	 241010499
13.390258 	 329010684 	 241010499
13.256356 	 349010813 	 241010499
13.123792 	 330010796 	 241010499
12.992554 	 347010692 	 241010499
12.862629 	 327010656 	 241010499
12.734002 	 308010757 	 241010499
12.606662 	 307010682 	 241010499
12.480596 	 293010679 	 241010499
12.355790 	 294010846 	 241010499
12.232232 	 283010439 	 241010499
12.109910 	 281010402 	 241010499
11.988811 	 281010401 	 241010499
11.868922 	 277010437 	 241010499
11.750233 	 281010439 	 241010499
11.632731 	 277010714 	 241010499
11.516404 	 285010756 	 241010499
11.401240 	 290010605 	 241010499
11.287227 	 286010580 	 241010499
11.174355 	 297010524 	 241010499
11.062611 	 327010739 	 241010499
10.951985 	 323010662 	 241010499
10.842465 	 323010586 	 241010499
10.734041 	 308010639 	 241010499
10.626700 	 321010423 	 241010499
10.520433 	 331010417 	 241010499
10.415229 	 329010356 	 241010499
10.311077 	 336010448 	 241010499
10.207966 	 336010670 	 241010499
10.105886 	 332010691 	 241010499
10.004827 	 332010592 	 241010499
9.904779 	 319010296 	 241010499
9.805731 	 316010361 	 241010499
9.707674 	 313010434 	 241010499
9.610597 	 307010393 	 241010499
9.514491 	 321010492 	 241010499
9.419346 	 311010575 	 241010499
9.325153 	 324010599 	 241010499
9.231901 	 333010626 	 241010499
9.139582 	 325010577 	 241010499
9.048187 	 337010343 	 241010499
8.957705 	 341010274 	 241010499
8.868128 	 349010180 	 241010499
8.779446 	 330010128 	 241010499
8.691652 	 314009967 	 241010499
8.604735 	 320010134 	 241010499
8.518688 	 336010210 	 241010499
8.433501 	 331010206 	 241010499
8.349166 	 339010319 	 241010499
8.265674 	 327010535 	 241010499
8.183018 	 315010514 	 241010499
8.101188 	 317010602 	 241010499
8.020176 	 311010545 	 241010499
7.939974 	 312010526 	 241010499
7.860574 	 302010675 	 241010499
7.781968 	 309010634 	 241010499
7.704149 	 319010602 	 241010499
7.627107 	 324010695 	 241010499
7.550836 	 326010436 	 241010499
7.475328 	 329010077 	 241010499
7.400575 	 329010111 	 241010499
7.326569 	 331010259 	 241010499
7.253303 	 345010510 	 241010499
7.180770 	 343010430 	 241010499
7.108962 	 351010622 	 241010499
7.037873 	 331010538 	 241010499
6.967494 	 320010341 	 241010499
6.897819 	 322010479 	 241010499
6.828841 	 320010608 	 241010499
6.760552 	 330010712 	 241010499
6.692947 	 332010916 	 241010499
6.626018 	 336010965 	 241010499
6.559757 	 341010597 	 241010499
6.494160 	 333010483 	 241010499
6.429218 	 319010369 	 241010499
6.364926 	 310010723 	 241010499
6.301277 	 309010701 	 241010499
6.238264 	 302010793 	 241010499
6.175881 	 303010613 	 241010499
6.114122 	 315010619 	 241010499
6.052981 	 331010514 	 241010499
5.992451 	 319010588 	 241010499
5.932527 	 329010526 	 241010499
5.873202 	 336010554 	 241010499
5.814470 	 336010500 	 241010499
5.756325 	 329010486 	 241010499
5.698762 	 318010301 	 241010499
5.641774 	 318010475 	 241010499
5.585356 	 322010656 	 241010499
5.529503 	 315010655 	 241010499
5.474208 	 319010474 	 241010499
5.419466 	 313010297 	 241010499
5.365271 	 319010267 	 241010499
5.311618 	 315010097 	 241010499
5.258502 	 317010171 	 241010499
5.205917 	 322010030 	 241010499
5.153858 	 324010121 	 241010499
5.102319 	 301010155 	 241010499
5.051296 	 307010106 	 241010499
5.000783 	 313010212 	 241010499
4.950775 	 339010397 	 241010499
4.901268 	 341010366 	 241010499
4.852255 	 345010138 	 241010499
4.803732 	 348010121 	 241010499
4.755695 	 344010132 	 241010499
4.708138 	 340010214 	 241010499
4.661057 	 330010089 	 241010499
4.614446 	 320010184 	 241010499
4.568302 	 328009998 	 241010499
4.522619 	 354009928 	 241010499
4.477393 	 353010054 	 241010499
4.432619 	 335010170 	 241010499
4.388292 	 333010275 	 241010499
4.344409 	 313010422 	 241010499
4.300965 	 306010423 	 241010499
4.257956 	 314010268 	 241010499
4.215376 	 326010295 	 241010499
4.173222 	 333010037 	 241010499
4.131490 	 344010246 	 241010499
4.090175 	 346010319 	 241010499
4.049274 	 343010411 	 241010499
4.008781 	 324010480 	 241010499
3.968693 	 300010368 	 241010499
3.929006 	 316010343 	 241010499
3.889716 	 326010451 	 241010499
3.850819 	 314010447 	 241010499
3.812311 	 318010633 	 241010499
3.774188 	 330010674 	 241010499
3.736446 	 327010448 	 241010499
3.699081 	 331010493 	 241010499
3.662090 	 359010555 	 241010499
3.625469 	 367010527 	 241010499
3.589215 	 381010362 	 241010499
3.553323 	 372010550 	 241010499
3.517789 	 373010663 	 241010499
3.482612 	 373010808 	 241010499
3.447785 	 387010645 	 241010499
3.413308 	 383010626 	 241010499
3.379174 	 367010832 	 241010499
3.345383 	 362010710 	 241010499
3.311929 	 342010665 	 241010499
3.278810 	 336010684 	 241010499
3.246022 	 328010877 	 241010499
3.213561 	 302010756 	 241010499
3.181426 	 304010457 	 241010499
3.149611 	 316010354 	 241010499
3.118115 	 304010442 	 241010499
3.086934 	 311010593 	 241010499
3.056065 	 329010619 	 241010499
3.025504 	 339010619 	 241010499
2.995249 	 343010770 	 241010499
2.965297 	 329010829 	 241010499
2.935644 	 320010965 	 241010499
2.906287 	 342010910 	 241010499
2.877224 	 327010926 	 241010499
2.848452 	 329010629 	 241010499
2.819968 	 331010657 	 241010499
2.791768 	 335010688 	 241010499
2.763850 	 325010459 	 241010499
2.736212 	 322010403 	 241010499
2.708850 	 332010414 	 241010499
2.681761 	 327010305 	 241010499
2.654944 	 320010504 	 241010499
2.628394 	 318010607 	 241010499
2.602110 	 312010621 	 241010499
2.576089 	 304010625 	 241010499
2.550328 	 306010445 	 241010499
2.524825 	 328010293 	 241010499
2.499577 	 309010129 	 241010499
2.474581 	 310010387 	 241010499
2.449835 	 314010489 	 241010499
2.425337 	 313010647 	 241010499
2.401083 	 316010908 	 241010499
2.377072 	 324010515 	 241010499
2.353302 	 340010867 	 241010499
2.329769 	 323010644 	 241010499
2.306471 	 327010807 	 241010499
2.283406 	 333010587 	 241010499
2.260572 	 331010673 	 241010499
2.237967 	 351010696 	 241010499
2.215587 	 344010706 	 241010499
2.193431 	 338010660 	 241010499
2.171497 	 344010422 	 241010499
2.149782 	 348010268 	 241010499
2.128284 	 348010457 	 241010499
2.107001 	 348010533 	 241010499
2.085931 	 312010576 	 241010499
2.065072 	 326010649 	 241010499
2.044421 	 334010767 	 241010499
2.023977 	 364010492 	 241010499
2.003737 	 364010479 	 241010499
1.983700 	 376010515 	 241010499
1.963863 	 377010625 	 241010499
1.944224 	 375010405 	 241010499
1.924782 	 357010488 	 241010499
1.905534 	 365010674 	 241010499
1.886479 	 369010693 	 241010499
1.867614 	 359010622 	 241010499
1.848938 	 369010494 	 241010499
1.830448 	 374010436 	 241010499
1.812144 	 382010583 	 241010499
1.794022 	 372010495 	 241010499
1.776082 	 376010366 	 241010499
1.758321 	 374010357 	 241010499
1.740738 	 366010327 	 241010499
1.723331 	 368010346 	 241010499
1.706098 	 372010449 	 241010499
1.689037 	 360010391 	 241010499
1.672146 	 353010357 	 241010499
1.655425 	 353010406 	 241010499
1.638870 	 343010208 	 241010499
1.622482 	 338010233 	 241010499
1.606257 	 324010412 	 241010499
1.590194 	 326010664 	 241010499
1.574292 	 318010358 	 241010499
1.558550 	 312010476 	 241010499
1.542964 	 309010263 	 241010499
1.527534 	 313010194 	 241010499
1.512259 	 313009905 	 241010499
1.497136 	 315010032 	 241010499
1.482165 	 311010106 	 241010499
1.467343 	 331010051 	 241010499
1.452670 	 345010110 	 241010499
1.438143 	 349009955 	 241010499
1.423762 	 361010036 	 241010499
1.409524 	 359010066 	 241010499
1.395429 	 372010098 	 241010499
1.381475 	 358010182 	 241010499
1.367660 	 370010110 	 241010499
1.353983 	 368010254 	 241010499
1.340444 	 362010306 	 241010499
1.327039 	 371010005 	 241010499
1.313769 	 359009952 	 241010499
1.300631 	 355009739 	 241010499
1.287625 	 369009801 	 241010499
1.274748 	 361009947 	 241010499
1.262001 	 354010050 	 241010499
1.249381 	 360010013 	 241010499
1.236887 	 370010010 	 241010499
1.224518 	 376010014 	 241010499
1.212273 	 393009980 	 241010499
1.200150 	 393010006 	 241010499
1.188149 	 380009917 	 241010499
1.176267 	 392009969 	 241010499
1.164505 	 392010009 	 241010499
1.152860 	 390009973 	 241010499
1.141331 	 398009875 	 241010499
1.129918 	 384009690 	 241010499
1.118619 	 386009985 	 241010499
1.107432 	 380009827 	 241010499
1.096358 	 393009795 	 241010499
1.085394 	 363009976 	 241010499
1.074541 	 366010070 	 241010499
1.063795 	 360010103 	 241010499
1.053157 	 350010232 	 241010499
1.042626 	 332010005 	 241010499
1.032199 	 333010139 	 241010499
1.021877 	 345009923 	 241010499
1.011659 	 354009906 	 241010499
1.001542 	 352009772 	 241010499
