300000000.000000 	 28001171 	 28001171
297000000.000000 	 30001133 	 27001111
294030000.000000 	 31001228 	 27001111
291089700.000000 	 32001211 	 27001061
288178803.000000 	 34001157 	 27001061
285297014.970000 	 30001247 	 27001061
282444044.820300 	 31001043 	 27001061
279619604.372097 	 28001146 	 27001061
276823408.328376 	 27001224 	 26001109
274055174.245092 	 32001205 	 26001109
271314622.502641 	 33001132 	 26001109
268601476.277615 	 32001043 	 26001109
265915461.514839 	 32001102 	 26001109
263256306.899690 	 34001085 	 26001109
260623743.830693 	 29001021 	 26001109
258017506.392386 	 29000949 	 26001109
255437331.328463 	 31001093 	 26001109
252882958.015178 	 33001197 	 26001109
250354128.435026 	 32000977 	 26001109
247850587.150676 	 27001111 	 26001109
245372081.279169 	 26001234 	 25001173
242918360.466377 	 32001068 	 25001173
240489176.861714 	 33001143 	 25001173
238084285.093096 	 32001195 	 25001173
235703442.242166 	 31001168 	 25001173
233346407.819744 	 32001045 	 25001173
231012943.741546 	 32001085 	 25001173
228702814.304131 	 27001061 	 24001015
226415786.161090 	 25001132 	 24001015
224151628.299479 	 31000986 	 24001015
221910112.016484 	 27001032 	 24001015
219691010.896319 	 30001111 	 24001015
217494100.787356 	 31000998 	 24001015
215319159.779482 	 30000991 	 24001015
213165968.181688 	 31000975 	 24001015
211034308.499871 	 33001100 	 24001015
208923965.414872 	 33001050 	 24001015
206834725.760723 	 29001122 	 24001015
204766378.503116 	 29001169 	 24001015
202718714.718085 	 34001011 	 24001015
200691527.570904 	 38001045 	 24001015
198684612.295195 	 37001252 	 24001015
196697766.172243 	 31001046 	 24001015
194730788.510521 	 29001056 	 24001015
192783480.625415 	 28001165 	 24001015
190855645.819161 	 29000981 	 24001015
188947089.360970 	 25000978 	 24001015
187057618.467360 	 29000994 	 24001015
185187042.282686 	 29001103 	 24001015
183335171.859859 	 29001192 	 24001015
181501820.141261 	 33001159 	 24001015
179686801.939848 	 29001158 	 24001015
177889933.920450 	 29001142 	 24001015
176111034.581245 	 29001095 	 24001015
174349924.235433 	 27001072 	 24000994
172606424.993079 	 30000973 	 24000994
170880360.743148 	 34001162 	 24000994
169171557.135716 	 37001134 	 24000994
167479841.564359 	 30001025 	 24000994
165805043.148715 	 30001107 	 24000994
164146992.717228 	 28000965 	 24000994
162505522.790056 	 31001220 	 24000994
160880467.562155 	 28001071 	 24000994
159271662.886534 	 34001196 	 24000994
157678946.257669 	 32001076 	 24000994
156102156.795092 	 33001038 	 24000994
154541135.227141 	 32000988 	 24000994
152995723.874870 	 28001082 	 24000994
151465766.636121 	 32001122 	 24000994
149951108.969760 	 29001111 	 24000994
148451597.880062 	 26001230 	 24000994
146967081.901261 	 28001210 	 24000994
145497411.082249 	 32001128 	 24000994
144042436.971426 	 26001091 	 24000994
142602012.601712 	 32001290 	 24000994
141175992.475695 	 28001168 	 24000994
139764232.550938 	 29000967 	 24000994
138366590.225429 	 30001023 	 24000994
136982924.323174 	 32000985 	 24000994
135613095.079943 	 31001090 	 24000994
134256964.129143 	 33001042 	 24000994
132914394.487852 	 27001041 	 24000994
131585250.542973 	 35001103 	 24000994
130269398.037543 	 29001055 	 24000994
128966704.057168 	 32001049 	 24000994
127677037.016596 	 29001029 	 24000994
126400266.646430 	 27000968 	 24000994
125136263.979966 	 27000967 	 24000994
123884901.340166 	 33001242 	 24000994
122646052.326765 	 34001138 	 24000994
121419591.803497 	 31001164 	 24000994
120205395.885462 	 29001144 	 24000994
119003341.926608 	 30001101 	 24000994
117813308.507341 	 28001028 	 24000994
116635175.422268 	 32001131 	 24000994
115468823.668045 	 28000983 	 24000994
114314135.431365 	 28001093 	 24000994
113170994.077051 	 27001104 	 24000994
112039284.136281 	 30001138 	 24000994
110918891.294918 	 30001095 	 24000994
109809702.381969 	 26001083 	 24000994
108711605.358149 	 27001055 	 24000994
107624489.304568 	 27001129 	 24000994
106548244.411522 	 28001343 	 24000994
105482761.967407 	 27001234 	 24000994
104427934.347733 	 26001107 	 24000994
103383655.004255 	 30000950 	 24000994
102349818.454213 	 30000980 	 24000994
101326320.269671 	 27001164 	 24000994
100313057.066974 	 26001058 	 24000994
99309926.496304 	 27001096 	 24000994
98316827.231341 	 30001037 	 24000994
97333658.959028 	 32001021 	 24000994
96360322.369437 	 35001112 	 24000994
95396719.145743 	 31001183 	 24000994
94442751.954286 	 29001043 	 24000994
93498324.434743 	 26000976 	 24000994
92563341.190395 	 30001275 	 24000994
91637707.778491 	 29001143 	 24000994
90721330.700706 	 33001156 	 24000994
89814117.393699 	 31001122 	 24000994
88915976.219762 	 32001107 	 24000994
88026816.457565 	 31001172 	 24000994
87146548.292989 	 33001049 	 24000994
86275082.810059 	 30001063 	 24000994
85412331.981959 	 28001068 	 24000994
84558208.662139 	 28001035 	 24000994
83712626.575518 	 34001094 	 24000994
82875500.309763 	 34001050 	 24000994
82046745.306665 	 33001109 	 24000994
81226277.853598 	 28001164 	 24000994
80414015.075062 	 34001178 	 24000994
79609874.924312 	 32001152 	 24000994
78813776.175069 	 30001171 	 24000994
78025638.413318 	 32001125 	 24000994
77245382.029185 	 32000893 	 24000994
76472928.208893 	 24001114 	 24000994
75708198.926804 	 32001205 	 24000994
74951116.937536 	 28001156 	 24000994
74201605.768160 	 30001153 	 24000994
73459589.710479 	 27001038 	 24000994
72724993.813374 	 29001235 	 24000994
71997743.875240 	 32001067 	 24000994
71277766.436488 	 32001218 	 24000994
70564988.772123 	 28001167 	 24000994
69859338.884402 	 26001066 	 24000994
69160745.495558 	 31001169 	 24000994
68469138.040602 	 26001099 	 24000994
67784446.660196 	 27001089 	 24000994
67106602.193594 	 26001105 	 24000994
66435536.171658 	 32001153 	 24000994
65771180.809942 	 32001117 	 24000994
65113469.001842 	 29001139 	 24000994
64462334.311824 	 29001226 	 24000994
63817710.968706 	 30001087 	 24000994
63179533.859019 	 31001089 	 24000994
62547738.520428 	 32001088 	 24000994
61922261.135224 	 27001158 	 24000994
61303038.523872 	 27001166 	 24000994
60690008.138633 	 33001034 	 24000994
60083108.057247 	 28001128 	 24000994
59482276.976674 	 27001097 	 24000994
58887454.206908 	 26001111 	 24000994
58298579.664839 	 31001254 	 24000994
57715593.868190 	 29001218 	 24000994
57138437.929508 	 28001166 	 24000994
56567053.550213 	 31001007 	 24000994
56001383.014711 	 34001099 	 24000994
55441369.184564 	 34001187 	 24000994
54886955.492718 	 37001016 	 24000994
54338085.937791 	 33001098 	 24000994
53794705.078413 	 27001134 	 24000994
53256758.027629 	 30001210 	 24000994
52724190.447353 	 28001174 	 24000994
52196948.542879 	 33001052 	 24000994
51674979.057450 	 36001072 	 24000994
51158229.266876 	 36001191 	 24000994
50646646.974207 	 34001083 	 24000994
50140180.504465 	 36001146 	 24000994
49638778.699420 	 38001205 	 24000994
49142390.912426 	 29001211 	 24000994
48650967.003302 	 28001067 	 24000994
48164457.333269 	 30001026 	 24000994
47682812.759936 	 31001177 	 24000994
47205984.632337 	 30001099 	 24000994
46733924.786014 	 30001074 	 24000994
46266585.538153 	 32001179 	 24000994
45803919.682772 	 32001054 	 24000994
45345880.485944 	 33001035 	 24000994
44892421.681085 	 31001163 	 24000994
44443497.464274 	 28001234 	 24000994
43999062.489631 	 28001074 	 24000994
43559071.864735 	 29001152 	 24000994
43123481.146087 	 32001096 	 24000994
42692246.334627 	 29000992 	 24000994
42265323.871280 	 30001039 	 24000994
41842670.632568 	 30001001 	 24000994
41424243.926242 	 32001053 	 24000994
41010001.486979 	 31001131 	 24000994
40599901.472110 	 34001091 	 24000994
40193902.457389 	 34001175 	 24000994
39791963.432815 	 34000943 	 24000994
39394043.798487 	 29001151 	 24000994
39000103.360502 	 28001104 	 24000994
38610102.326897 	 28001130 	 24000994
38224001.303628 	 29001206 	 24000994
37841761.290591 	 32001213 	 24000994
37463343.677685 	 33001211 	 24000994
37088710.240909 	 33001247 	 24000994
36717823.138500 	 33001157 	 24000994
36350644.907115 	 28001236 	 24000994
35987138.458043 	 32001073 	 24000994
35627267.073463 	 30001043 	 24000994
35270994.402728 	 33001053 	 24000994
34918284.458701 	 29001138 	 24000994
34569101.614114 	 32001156 	 24000994
34223410.597973 	 32001096 	 24000994
33881176.491993 	 34001110 	 24000994
33542364.727073 	 35001023 	 24000994
33206941.079803 	 31001175 	 24000994
32874871.669004 	 28001148 	 24000994
32546122.952314 	 27001054 	 24000994
32220661.722791 	 28001128 	 24000994
31898455.105563 	 29001149 	 24000994
31579470.554508 	 30001085 	 24000994
31263675.848963 	 26001123 	 24000994
30951039.090473 	 26001168 	 24000994
30641528.699568 	 32001163 	 24000994
30335113.412573 	 33001071 	 24000994
30031762.278447 	 33001138 	 24000994
29731444.655662 	 29001131 	 24000994
29434130.209106 	 33001071 	 24000994
29139788.907015 	 27001059 	 24000994
28848391.017945 	 28001170 	 24000994
28559907.107765 	 29001116 	 24000994
28274308.036688 	 30001093 	 24000994
27991564.956321 	 30001077 	 24000994
27711649.306757 	 31001236 	 24000994
27434532.813690 	 30001146 	 24000994
27160187.485553 	 33001185 	 24000994
26888585.610697 	 29001037 	 24000994
26619699.754590 	 31001038 	 24000994
26353502.757045 	 29001156 	 24000994
26089967.729474 	 30001059 	 24000994
25829068.052179 	 29001159 	 24000994
25570777.371658 	 29001084 	 24000994
25315069.597941 	 28000967 	 24000994
25061918.901962 	 30001066 	 24000994
24811299.712942 	 28001030 	 24000994
24563186.715813 	 27001118 	 24000994
24317554.848654 	 29001200 	 24000994
24074379.300168 	 27000945 	 24000994
23833635.507166 	 28001093 	 24000994
23595299.152095 	 32001208 	 24000994
23359346.160574 	 31001221 	 24000994
23125752.698968 	 32001100 	 24000994
22894495.171978 	 33001042 	 24000994
22665550.220258 	 27001055 	 24000994
22438894.718056 	 30001211 	 24000994
22214505.770875 	 32001055 	 24000994
21992360.713166 	 33001040 	 24000994
21772437.106035 	 33001004 	 24000994
21554712.734974 	 31001115 	 24000994
21339165.607625 	 26001024 	 24000994
21125773.951548 	 27001224 	 24000994
20914516.212033 	 31001206 	 24000994
20705371.049913 	 32001201 	 24000994
20498317.339414 	 36001275 	 24000994
20293334.166019 	 34001184 	 24000994
20090400.824359 	 35001074 	 24000994
19889496.816116 	 33001039 	 24000994
19690601.847954 	 32000968 	 24000994
19493695.829475 	 32001106 	 24000994
19298758.871180 	 36001190 	 24000994
19105771.282468 	 34001105 	 24000994
18914713.569644 	 35000964 	 24000994
18725566.433947 	 30001036 	 24000994
18538310.769608 	 27001057 	 24000994
18352927.661912 	 28001026 	 24000994
18169398.385293 	 26001070 	 24000994
17987704.401440 	 29001090 	 24000994
17807827.357425 	 31001041 	 24000994
17629749.083851 	 35001172 	 24000994
17453451.593012 	 32001015 	 24000994
17278917.077082 	 27001054 	 24000994
17106127.906312 	 31001075 	 24000994
16935066.627248 	 26001105 	 24000994
16765715.960976 	 29001092 	 24000994
16598058.801366 	 28001083 	 24000994
16432078.213353 	 28001095 	 24000994
16267757.431219 	 27001112 	 24000994
16105079.856907 	 30001194 	 24000994
15944029.058338 	 28001126 	 24000994
15784588.767754 	 26001171 	 24000994
15626742.880077 	 27001025 	 24000994
15470475.451276 	 26000975 	 24000994
15315770.696763 	 28001075 	 24000994
15162612.989796 	 27001032 	 24000994
15010986.859898 	 30001087 	 24000994
14860876.991299 	 37001114 	 24000994
14712268.221386 	 30001146 	 24000994
14565145.539172 	 30001269 	 24000994
14419494.083780 	 26001135 	 24000994
14275299.142942 	 26001041 	 24000994
14132546.151513 	 30001035 	 24000994
13991220.689998 	 30001073 	 24000994
13851308.483098 	 27001129 	 24000994
13712795.398267 	 27001232 	 24000994
13575667.444284 	 30001189 	 24000994
13439910.769841 	 29001084 	 24000994
13305511.662143 	 30001096 	 24000994
13172456.545521 	 34001147 	 24000994
13040731.980066 	 28001089 	 24000994
12910324.660266 	 36001144 	 24000994
12781221.413663 	 31000995 	 24000994
12653409.199526 	 36001022 	 24000994
12526875.107531 	 31001089 	 24000994
12401606.356456 	 31001118 	 24000994
12277590.292891 	 28001212 	 24000994
12154814.389962 	 32001173 	 24000994
12033266.246063 	 32001095 	 24000994
11912933.583602 	 32001123 	 24000994
11793804.247766 	 33001214 	 24000994
11675866.205288 	 34001154 	 24000994
11559107.543235 	 30001052 	 24000994
11443516.467803 	 32001164 	 24000994
11329081.303125 	 30001169 	 24000994
11215790.490094 	 29001063 	 24000994
11103632.585193 	 32000917 	 24000994
10992596.259341 	 26001097 	 24000994
10882670.296748 	 28001001 	 24000994
10773843.593780 	 29001076 	 24000994
10666105.157842 	 32001112 	 24000994
10559444.106264 	 30001138 	 24000994
10453849.665201 	 31001043 	 24000994
10349311.168549 	 26001133 	 24000994
10245818.056864 	 31001128 	 24000994
10143359.876295 	 26001055 	 24000994
10041926.277532 	 28001105 	 24000994
9941507.014757 	 31001148 	 24000994
9842091.944609 	 36001132 	 24000994
9743671.025163 	 32001077 	 24000994
9646234.314912 	 26001131 	 24000994
9549771.971762 	 24001219 	 24000994
9454274.252045 	 33001043 	 24000994
9359731.509524 	 38001110 	 24000994
9266134.194429 	 28001094 	 24000994
9173472.852485 	 28001085 	 24000994
9081738.123960 	 33001213 	 24000994
8990920.742720 	 28001117 	 24000994
8901011.535293 	 29001161 	 24000994
8812001.419940 	 31001172 	 24000994
8723881.405741 	 32001236 	 24000994
8636642.591683 	 28001217 	 24000994
8550276.165767 	 28001235 	 24000994
8464773.404109 	 29001123 	 24000994
8380125.670068 	 33001143 	 24000994
8296324.413367 	 25001141 	 24000994
8213361.169233 	 33001061 	 24000994
8131227.557541 	 31001056 	 24000994
8049915.281966 	 31001022 	 24000994
7969416.129146 	 35001092 	 24000994
7889721.967855 	 30001156 	 24000994
7810824.748176 	 32001096 	 24000994
7732716.500694 	 32001203 	 24000994
7655389.335687 	 33001166 	 24000994
7578835.442330 	 27001043 	 24000994
7503047.087907 	 28001114 	 24000994
7428016.617028 	 32001193 	 24000994
7353736.450858 	 31001219 	 24000994
7280199.086349 	 26001121 	 24000994
7207397.095486 	 27001108 	 24000994
7135323.124531 	 25001134 	 24000994
7063969.893286 	 27001112 	 24000994
6993330.194353 	 27001157 	 24000994
6923396.892409 	 26001088 	 24000994
6854162.923485 	 29001195 	 24000994
6785621.294250 	 31001218 	 24000994
6717765.081308 	 28001068 	 24000994
6650587.430495 	 29000953 	 24000994
6584081.556190 	 29000984 	 24000994
6518240.740628 	 31001015 	 24000994
6453058.333222 	 31001120 	 24000994
6388527.749889 	 26001211 	 24000994
6324642.472390 	 29001114 	 24000994
6261396.047667 	 30001099 	 24000994
6198782.087190 	 27001112 	 24000994
6136794.266318 	 28001100 	 24000994
6075426.323655 	 36001046 	 24000994
6014672.060418 	 34001112 	 24000994
5954525.339814 	 32000992 	 24000994
5894980.086416 	 28000974 	 24000994
5836030.285552 	 30000998 	 24000994
5777669.982696 	 35001007 	 24000994
5719893.282869 	 29001108 	 24000994
5662694.350041 	 33001120 	 24000994
5606067.406540 	 34001027 	 24000994
5550006.732475 	 32001106 	 24000994
5494506.665150 	 34001225 	 24000994
5439561.598499 	 37001158 	 24000994
5385165.982514 	 27001155 	 24000994
5331314.322688 	 27001243 	 24000994
5278001.179462 	 26001169 	 24000994
5225221.167667 	 31000999 	 24000994
5172968.955990 	 30001036 	 24000994
5121239.266430 	 28001053 	 24000994
5070026.873766 	 33001147 	 24000994
5019326.605028 	 27001137 	 24000994
4969133.338978 	 28001135 	 24000994
4919442.005588 	 25001208 	 24000994
4870247.585532 	 29001119 	 24000994
4821545.109677 	 24001085 	 24000994
4773329.658580 	 24001025 	 24000994
4725596.361995 	 24001166 	 24000994
4678340.398375 	 27001213 	 24000994
4631556.994391 	 31001250 	 24000994
4585241.424447 	 29001185 	 24000994
4539389.010202 	 27001147 	 24000994
4493995.120100 	 32001241 	 24000994
4449055.168899 	 27001122 	 24000994
4404564.617210 	 27000981 	 24000994
4360518.971038 	 26001114 	 24000994
4316913.781328 	 29001098 	 24000994
4273744.643515 	 28000921 	 24000994
4231007.197080 	 28001252 	 24000994
4188697.125109 	 30001170 	 24000994
4146810.153858 	 28001194 	 24000994
4105342.052319 	 25001127 	 24000994
4064288.631796 	 25001120 	 24000994
4023645.745478 	 33001091 	 24000994
3983409.288023 	 30001014 	 24000994
3943575.195143 	 25001147 	 24000994
3904139.443191 	 24001221 	 24000994
3865098.048760 	 26001196 	 24000994
3826447.068272 	 30001058 	 24000994
3788182.597589 	 31001076 	 24000994
3750300.771613 	 32001061 	 24000994
3712797.763897 	 29001120 	 24000994
3675669.786258 	 31001143 	 24000994
3638913.088396 	 28001123 	 24000994
3602523.957512 	 30001114 	 24000994
3566498.717937 	 35001055 	 24000994
3530833.730757 	 31001126 	 24000994
3495525.393450 	 32001155 	 24000994
3460570.139515 	 34001222 	 24000994
3425964.438120 	 33001127 	 24000994
3391704.793739 	 29001103 	 24000994
3357787.745801 	 28001117 	 24000994
3324209.868343 	 29001217 	 24000994
3290967.769660 	 34001060 	 24000994
3258058.091963 	 33001163 	 24000994
3225477.511044 	 32001201 	 24000994
3193222.735933 	 26001070 	 24000994
3161290.508574 	 30000995 	 24000994
3129677.603488 	 29001043 	 24000994
3098380.827453 	 28001180 	 24000994
3067397.019179 	 26001094 	 24000994
3036723.048987 	 25001038 	 24000994
3006355.818497 	 29001004 	 24000994
2976292.260312 	 30000977 	 24000994
2946529.337709 	 27001038 	 24000994
2917064.044332 	 27001045 	 24000994
2887893.403889 	 29001008 	 24000994
2859014.469850 	 33001017 	 24000994
2830424.325151 	 28001247 	 24000994
2802120.081900 	 30001062 	 24000994
2774098.881081 	 31001151 	 24000994
2746357.892270 	 31001181 	 24000994
2718894.313347 	 32001177 	 24000994
2691705.370214 	 28001020 	 24000994
2664788.316512 	 27001061 	 24000994
2638140.433347 	 28001151 	 24000994
2611759.029013 	 27001017 	 24000994
2585641.438723 	 30001024 	 24000994
2559785.024336 	 27001147 	 24000994
2534187.174092 	 32001082 	 24000994
2508845.302351 	 32001169 	 24000994
2483756.849328 	 31000969 	 24000994
2458919.280835 	 35001100 	 24000994
2434330.088026 	 29001098 	 24000994
2409986.787146 	 27001115 	 24000994
2385886.919275 	 28001083 	 24000994
2362028.050082 	 34001192 	 24000994
2338407.769581 	 26001234 	 24000994
2315023.691885 	 28001196 	 24000994
2291873.454966 	 31000945 	 24000994
2268954.720417 	 30000995 	 24000994
2246265.173212 	 28001040 	 24000994
2223802.521480 	 30001169 	 24000994
2201564.496266 	 29001026 	 24000994
2179548.851303 	 33001102 	 24000994
2157753.362790 	 28001046 	 24000994
2136175.829162 	 26001063 	 24000994
2114814.070870 	 29001088 	 24000994
2093665.930162 	 26001121 	 24000994
2072729.270860 	 28001151 	 24000994
2052001.978151 	 28001091 	 24000994
2031481.958370 	 32000949 	 24000994
2011167.138786 	 32001073 	 24000994
1991055.467398 	 28001044 	 24000994
1971144.912724 	 30001088 	 24000994
1951433.463597 	 31001152 	 24000994
1931919.128961 	 29001102 	 24000994
1912599.937672 	 30001017 	 24000994
1893473.938295 	 35001014 	 24000994
1874539.198912 	 35001079 	 24000994
1855793.806923 	 31000970 	 24000994
1837235.868854 	 32001110 	 24000994
1818863.510165 	 32001128 	 24000994
1800674.875063 	 30001260 	 24000994
1782668.126313 	 27001120 	 24000994
1764841.445050 	 33001223 	 24000994
1747193.030599 	 34000996 	 24000994
1729721.100293 	 33000956 	 24000994
1712423.889290 	 35001063 	 24000994
1695299.650397 	 31001034 	 24000994
1678346.653893 	 34001037 	 24000994
1661563.187354 	 35001010 	 24000994
1644947.555481 	 30001188 	 24000994
1628498.079926 	 34001128 	 24000994
1612213.099127 	 25001172 	 24000994
1596090.968135 	 28001154 	 24000994
1580130.058454 	 27001195 	 24000994
1564328.757870 	 28001093 	 24000994
1548685.470291 	 29001105 	 24000994
1533198.615588 	 29001010 	 24000994
1517866.629432 	 37001198 	 24000994
1502687.963138 	 34001096 	 24000994
1487661.083506 	 33001062 	 24000994
1472784.472671 	 34001167 	 24000994
1458056.627945 	 35001072 	 24000994
1443476.061665 	 29001098 	 24000994
1429041.301049 	 29001136 	 24000994
1414750.888038 	 29001072 	 24000994
1400603.379158 	 28001060 	 24000994
1386597.345366 	 29001116 	 24000994
1372731.371912 	 30001140 	 24000994
1359004.058193 	 30001099 	 24000994
1345414.017611 	 30001281 	 24000994
1331959.877435 	 29001080 	 24000994
1318640.278661 	 29001052 	 24000994
1305453.875874 	 36001118 	 24000994
1292399.337116 	 32001006 	 24000994
1279475.343744 	 29001117 	 24000994
1266680.590307 	 30001247 	 24000994
1254013.784404 	 31001217 	 24000994
1241473.646560 	 32001079 	 24000994
1229058.910094 	 30001127 	 24000994
1216768.320993 	 29001038 	 24000994
1204600.637783 	 35001223 	 24000994
1192554.631406 	 29001185 	 24000994
1180629.085091 	 29001209 	 24000994
1168822.794241 	 29001130 	 24000994
1157134.566298 	 34001032 	 24000994
1145563.220635 	 30001040 	 24000994
1134107.588429 	 29001196 	 24000994
1122766.512545 	 30001203 	 24000994
1111538.847419 	 27001127 	 24000994
1100423.458945 	 32001076 	 24000994
1089419.224355 	 34001147 	 24000994
1078525.032112 	 29001179 	 24000994
1067739.781791 	 28001180 	 24000994
1057062.383973 	 29000970 	 24000994
1046491.760133 	 27000957 	 24000994
1036026.842532 	 31000921 	 24000994
1025666.574106 	 34001140 	 24000994
1015409.908365 	 29001109 	 24000994
1005255.809282 	 33001082 	 24000994
995203.251189 	 27001232 	 24000994
985251.218677 	 29001215 	 24000994
975398.706490 	 34001185 	 24000994
965644.719425 	 30001166 	 24000994
955988.272231 	 37001247 	 24000994
946428.389509 	 30001049 	 24000994
936964.105614 	 26000953 	 24000994
927594.464558 	 29001178 	 24000994
918318.519912 	 27001200 	 24000994
909135.334713 	 31001223 	 24000994
900043.981366 	 27001230 	 24000994
891043.541552 	 30000989 	 24000994
882133.106137 	 36001177 	 24000994
873311.775075 	 34001161 	 24000994
864578.657324 	 33000996 	 24000994
855932.870751 	 32001108 	 24000994
847373.542044 	 32001113 	 24000994
838899.806623 	 29001062 	 24000994
830510.808557 	 30001165 	 24000994
822205.700471 	 28001013 	 24000994
813983.643467 	 30001136 	 24000994
805843.807032 	 32001160 	 24000994
797785.368962 	 27001169 	 24000994
789807.515272 	 34001011 	 24000994
781909.440119 	 37001047 	 24000994
774090.345718 	 34001003 	 24000994
766349.442261 	 34001034 	 24000994
758685.947838 	 32001113 	 24000994
751099.088360 	 27001055 	 24000994
743588.097476 	 25001097 	 24000994
736152.216502 	 24001040 	 24000978
728790.694337 	 29001055 	 24000978
721502.787393 	 30001028 	 24000978
714287.759519 	 34001097 	 24000978
707144.881924 	 31001048 	 24000978
700073.433105 	 31001063 	 24000978
693072.698774 	 32001099 	 24000978
686141.971786 	 35001088 	 24000978
679280.552068 	 37001046 	 24000978
672487.746548 	 30001148 	 24000978
665762.869082 	 29001063 	 24000978
659105.240391 	 31001047 	 24000978
652514.187987 	 30001102 	 24000978
645989.046108 	 29001131 	 24000978
639529.155646 	 33001070 	 24000978
633133.864090 	 31001067 	 24000978
626802.525449 	 33001070 	 24000978
620534.500195 	 27001115 	 24000978
614329.155193 	 33001026 	 24000978
608185.863641 	 32001083 	 24000978
602104.005004 	 32001101 	 24000978
596082.964954 	 35001251 	 24000978
590122.135305 	 28001095 	 24000978
584220.913952 	 30001278 	 24000978
578378.704812 	 35001159 	 24000978
572594.917764 	 25001111 	 24000978
566868.968586 	 27001157 	 24000978
561200.278901 	 27001198 	 24000978
555588.276112 	 27001101 	 24000978
550032.393350 	 25001144 	 24000978
544532.069417 	 25001042 	 24000978
539086.748723 	 27001028 	 24000978
533695.881236 	 26001057 	 24000978
528358.922423 	 29001156 	 24000978
523075.333199 	 26001049 	 24000978
517844.579867 	 33001134 	 24000978
512666.134068 	 33001026 	 24000978
507539.472728 	 26001046 	 24000978
502464.078000 	 24001259 	 24000978
497439.437220 	 24001116 	 24000978
492465.042848 	 24001067 	 24000978
487540.392420 	 30001067 	 24000978
482664.988495 	 29001007 	 24000978
477838.338610 	 28001024 	 24000978
473059.955224 	 31001013 	 24000978
468329.355672 	 32001052 	 24000978
463646.062115 	 34000918 	 24000978
459009.601494 	 34000876 	 24000978
454419.505479 	 33001035 	 24000978
449875.310425 	 32001015 	 24000978
445376.557320 	 28000972 	 24000978
440922.791747 	 28001015 	 24000978
436513.563830 	 26001042 	 24000978
432148.428191 	 30001154 	 24000978
427826.943909 	 26001072 	 24000978
423548.674470 	 30001170 	 24000978
419313.187726 	 35001094 	 24000978
415120.055848 	 26001054 	 24000978
410968.855290 	 27001133 	 24000978
406859.166737 	 34001248 	 24000978
402790.575070 	 25001020 	 24000978
398762.669319 	 30001054 	 24000978
394775.042626 	 35001057 	 24000978
390827.292199 	 35001105 	 24000978
386919.019277 	 34001153 	 24000978
383049.829085 	 26001111 	 24000978
379219.330794 	 28001070 	 24000978
375427.137486 	 28001114 	 24000978
371672.866111 	 35001198 	 24000978
367956.137450 	 35001047 	 24000978
364276.576075 	 33001039 	 24000978
360633.810315 	 34001152 	 24000978
357027.472212 	 33001149 	 24000978
353457.197489 	 27001056 	 24000978
349922.625515 	 29000990 	 24000978
346423.399259 	 29000965 	 24000978
342959.165267 	 31000932 	 24000978
339529.573614 	 30001030 	 24000978
336134.277878 	 29001034 	 24000978
332772.935099 	 28001021 	 24000978
329445.205748 	 30001027 	 24000978
326150.753691 	 33001159 	 24000978
322889.246154 	 31001131 	 24000978
319660.353692 	 31001174 	 24000978
316463.750155 	 29001108 	 24000978
313299.112654 	 30001073 	 24000978
310166.121527 	 29001162 	 24000978
307064.460312 	 30001143 	 24000978
303993.815709 	 31001027 	 24000978
300953.877552 	 28001017 	 24000978
297944.338776 	 29001113 	 24000978
294964.895388 	 28001086 	 24000961
292015.246435 	 36001156 	 24000961
289095.093970 	 32001154 	 24000961
286204.143031 	 26001110 	 24000961
283342.101600 	 32000925 	 24000961
280508.680584 	 28001106 	 24000961
277703.593778 	 27001002 	 24000961
274926.557841 	 29001081 	 24000961
272177.292262 	 32001162 	 24000961
269455.519340 	 33001191 	 24000961
266760.964146 	 33001180 	 24000961
264093.354505 	 31001184 	 24000961
261452.420960 	 35001117 	 24000961
258837.896750 	 32001127 	 24000961
256249.517783 	 32001081 	 24000961
253687.022605 	 27001109 	 24000961
251150.152379 	 30001038 	 24000961
248638.650855 	 35001115 	 24000961
246152.264346 	 36001008 	 24000961
243690.741703 	 26001025 	 24000961
241253.834286 	 26001009 	 24000961
238841.295943 	 25001070 	 24000961
236452.882984 	 29001033 	 24000961
234088.354154 	 29001071 	 24000961
231747.470612 	 27001063 	 24000961
229429.995906 	 27001217 	 24000961
227135.695947 	 30001245 	 24000961
224864.338988 	 29001171 	 24000961
222615.695598 	 29001215 	 24000961
220389.538642 	 35001195 	 24000961
218185.643255 	 27001178 	 24000961
216003.786823 	 25001252 	 24000961
213843.748955 	 24001119 	 24000961
211705.311465 	 28001094 	 24000961
209588.258350 	 26001063 	 24000961
207492.375767 	 28001147 	 24000961
205417.452009 	 27001145 	 24000961
203363.277489 	 33001088 	 24000961
201329.644714 	 31001012 	 24000961
199316.348267 	 33001190 	 24000961
197323.184784 	 34001171 	 24000961
195349.952937 	 33001119 	 24000961
193396.453407 	 30001213 	 24000961
191462.488873 	 33001202 	 24000961
189547.863984 	 32001047 	 24000961
187652.385345 	 32001094 	 24000961
185775.861491 	 33001115 	 24000961
183918.102876 	 33000989 	 24000961
182078.921847 	 33001065 	 24000961
180258.132629 	 30001052 	 24000961
178455.551303 	 28001151 	 24000961
176670.995790 	 32001229 	 24000961
174904.285832 	 26001149 	 24000961
173155.242973 	 29001104 	 24000961
171423.690544 	 29001049 	 24000961
169709.453638 	 27001166 	 24000961
168012.359102 	 33001052 	 24000961
166332.235511 	 29000914 	 24000961
164668.913156 	 28001035 	 24000961
163022.224024 	 32001159 	 24000961
161392.001784 	 29001183 	 24000961
159778.081766 	 30001187 	 24000961
158180.300948 	 35001231 	 24000961
156598.497939 	 27001020 	 24000961
155032.512960 	 30001259 	 24000961
153482.187830 	 31001164 	 24000961
151947.365952 	 30001236 	 24000961
150427.892292 	 27001008 	 24000961
148923.613369 	 29001108 	 24000961
147434.377236 	 32001105 	 24000961
145960.033463 	 29001173 	 24000961
144500.433129 	 28001136 	 24000961
143055.428797 	 26001140 	 24000961
141624.874509 	 28000970 	 24000961
140208.625764 	 30001024 	 24000961
138806.539507 	 30001071 	 24000961
137418.474111 	 31001133 	 24000961
136044.289370 	 34001072 	 24000961
134683.846477 	 27001117 	 24000961
133337.008012 	 28001117 	 24000961
132003.637932 	 29001179 	 24000961
130683.601552 	 33001240 	 24000961
129376.765537 	 34001111 	 24000961
128082.997882 	 29001076 	 24000961
126802.167903 	 30001023 	 24000961
125534.146224 	 30001001 	 24000961
124278.804761 	 33001052 	 24000961
123036.016714 	 32001044 	 24000961
121805.656547 	 28001083 	 24000961
120587.599981 	 27001161 	 24000961
119381.723981 	 32001162 	 24000961
118187.906742 	 32001015 	 24000961
117006.027674 	 31001155 	 24000961
115835.967397 	 27001180 	 24000961
114677.607723 	 27001046 	 24000961
113530.831646 	 29001129 	 24000961
112395.523330 	 31001046 	 24000961
111271.568096 	 33001020 	 24000961
110158.852416 	 24000990 	 24000961
109057.263891 	 30000998 	 24000961
107966.691252 	 26001136 	 24000961
106887.024340 	 33001170 	 24000961
105818.154097 	 26001179 	 24000961
104759.972556 	 34001148 	 24000961
103712.372830 	 33001002 	 24000961
102675.249102 	 29001054 	 24000961
101648.496611 	 34001121 	 24000961
100632.011645 	 30001050 	 24000961
99625.691528 	 35001154 	 24000961
98629.434613 	 24001190 	 24000961
97643.140267 	 25001024 	 24000961
96666.708864 	 31000993 	 24000961
95700.041775 	 33001043 	 24000961
94743.041358 	 34001182 	 24000961
93795.610944 	 35000916 	 24000961
92857.654835 	 33001017 	 24000961
91929.078286 	 34001100 	 24000961
91009.787503 	 30000974 	 24000961
90099.689628 	 34001123 	 24000961
89198.692732 	 28001117 	 24000961
88306.705805 	 29001133 	 24000961
87423.638747 	 32001152 	 24000961
86549.402359 	 31001109 	 24000961
85683.908336 	 32001176 	 24000961
84827.069252 	 33001114 	 24000961
83978.798560 	 29001052 	 24000961
83139.010574 	 32001022 	 24000961
82307.620468 	 35001003 	 24000961
81484.544264 	 31001130 	 24000961
80669.698821 	 30001172 	 24000961
79863.001833 	 29001159 	 24000961
79064.371815 	 30001029 	 24000961
78273.728096 	 35001033 	 24000961
77490.990816 	 26001053 	 24000961
76716.080907 	 26001179 	 24000961
75948.920098 	 30001106 	 24000961
75189.430897 	 30001143 	 24000961
74437.536588 	 29001118 	 24000961
73693.161222 	 26001146 	 24000961
72956.229610 	 25001171 	 24000961
72226.667314 	 32001128 	 24000961
71504.400641 	 26001002 	 24000961
70789.356635 	 28001190 	 24000961
70081.463068 	 26001189 	 24000961
69380.648438 	 28001044 	 24000961
68686.841953 	 28001138 	 24000961
67999.973534 	 27000977 	 24000961
67319.973798 	 31001092 	 24000961
66646.774060 	 32001176 	 24000961
65980.306320 	 32001158 	 24000961
65320.503257 	 28001126 	 24000961
64667.298224 	 29001091 	 24000961
64020.625242 	 28000990 	 24000961
63380.418989 	 28001005 	 24000961
62746.614799 	 34001174 	 24000961
62119.148651 	 25001046 	 24000961
61497.957165 	 28001148 	 24000961
60882.977593 	 34001095 	 24000961
60274.147817 	 28001048 	 24000961
59671.406339 	 28001004 	 24000961
59074.692276 	 32001220 	 24000961
58483.945353 	 27001001 	 24000961
57899.105899 	 25001090 	 24000961
57320.114840 	 24000995 	 24000961
56746.913692 	 24001181 	 24000961
56179.444555 	 27001078 	 24000961
55617.650110 	 28001168 	 24000961
55061.473608 	 29001114 	 24000961
54510.858872 	 36001165 	 24000961
53965.750284 	 36001173 	 24000961
53426.092781 	 30001061 	 24000961
52891.831853 	 25001198 	 24000961
52362.913534 	 32001144 	 24000961
51839.284399 	 27001054 	 24000961
51320.891555 	 28001288 	 24000961
50807.682640 	 28001165 	 24000961
50299.605813 	 27001300 	 24000961
49796.609755 	 27001139 	 24000961
49298.643658 	 26001155 	 24000961
48805.657221 	 29001114 	 24000961
48317.600649 	 32001044 	 24000961
47834.424642 	 29001058 	 24000961
47356.080396 	 29001163 	 24000961
46882.519592 	 31001000 	 24000961
46413.694396 	 31001012 	 24000961
45949.557452 	 32001096 	 24000961
45490.061877 	 27001037 	 24000961
45035.161259 	 27001149 	 24000961
44584.809646 	 28001125 	 24000961
44138.961550 	 27001140 	 24000961
43697.571934 	 26001051 	 24000961
43260.596215 	 33001032 	 24000961
42827.990253 	 27001006 	 24000961
42399.710350 	 34000905 	 24000961
41975.713247 	 28001198 	 24000961
41555.956114 	 28001090 	 24000961
41140.396553 	 25001042 	 24000961
40728.992588 	 30001102 	 24000961
40321.702662 	 29001056 	 24000961
39918.485635 	 27001106 	 24000961
39519.300779 	 27001027 	 24000961
39124.107771 	 33001191 	 24000961
38732.866693 	 28001062 	 24000961
38345.538026 	 28001112 	 24000961
37962.082646 	 33001117 	 24000961
37582.461820 	 34001269 	 24000961
37206.637201 	 31001004 	 24000961
36834.570829 	 31000978 	 24000961
36466.225121 	 30001128 	 24000961
36101.562870 	 29000995 	 24000961
35740.547241 	 29001137 	 24000961
35383.141769 	 36001130 	 24000961
35029.310351 	 36001195 	 24000961
34679.017247 	 37001095 	 24000961
34332.227075 	 33001213 	 24000961
33988.904804 	 31001072 	 24000961
33649.015756 	 31001060 	 24000961
33312.525599 	 33001022 	 24000961
32979.400343 	 26001136 	 24000961
32649.606339 	 27001015 	 24000961
32323.110276 	 26001104 	 24000961
31999.879173 	 27001167 	 24000961
31679.880381 	 24001059 	 24000961
31363.081578 	 30001132 	 24000961
31049.450762 	 30001197 	 24000961
30738.956254 	 34001078 	 24000961
30431.566692 	 36001206 	 24000961
30127.251025 	 36001069 	 24000961
29825.978514 	 37001127 	 24000961
29527.718729 	 35001027 	 24000961
29232.441542 	 34001150 	 24000961
28940.117127 	 33001258 	 24000961
28650.715955 	 35001224 	 24000961
28364.208796 	 32001273 	 24000961
28080.566708 	 30001038 	 24000961
27799.761041 	 28001146 	 24000961
27521.763430 	 29001143 	 24000961
27246.545796 	 29001129 	 24000961
26974.080338 	 29001120 	 24000961
26704.339535 	 27001106 	 24000961
26437.296139 	 24001088 	 24000961
26172.923178 	 28001077 	 24000961
25911.193946 	 32001122 	 24000961
25652.082007 	 25001144 	 24000961
25395.561187 	 31001027 	 24000961
25141.605575 	 28001197 	 24000961
24890.189519 	 29001063 	 24000961
24641.287624 	 26001065 	 24000961
24394.874748 	 26001075 	 24000961
24150.926000 	 28001007 	 24000961
23909.416740 	 29001004 	 24000961
23670.322573 	 31001097 	 24000961
23433.619347 	 32001055 	 24000961
23199.283154 	 35001081 	 24000961
22967.290322 	 29001126 	 24000961
22737.617419 	 27001137 	 24000961
22510.241245 	 30001064 	 24000961
22285.138832 	 29000983 	 24000961
22062.287444 	 30001104 	 24000961
21841.664569 	 33001143 	 24000961
21623.247924 	 33001021 	 24000961
21407.015444 	 33001056 	 24000961
21192.945290 	 33001073 	 24000961
20981.015837 	 35001077 	 24000961
20771.205679 	 31001219 	 24000961
20563.493622 	 29001181 	 24000961
20357.858686 	 31001036 	 24000961
20154.280099 	 33001120 	 24000961
19952.737298 	 34001183 	 24000961
19753.209925 	 32001028 	 24000961
19555.677826 	 30000967 	 24000961
19360.121047 	 30001054 	 24000961
19166.519837 	 31001108 	 24000961
18974.854639 	 35000974 	 24000961
18785.106092 	 35000980 	 24000961
18597.255031 	 35000935 	 24000961
18411.282481 	 31001047 	 24000961
18227.169656 	 27001092 	 24000961
18044.897960 	 27000958 	 24000961
17864.448980 	 30001079 	 24000961
17685.804490 	 31000955 	 24000961
17508.946445 	 32001101 	 24000961
17333.856981 	 32001199 	 24000961
17160.518411 	 33001256 	 24000961
16988.913227 	 35001153 	 24000961
16819.024095 	 34001118 	 24000961
16650.833854 	 26001184 	 24000961
16484.325515 	 29001138 	 24000961
16319.482260 	 35001038 	 24000961
16156.287437 	 35001132 	 24000961
15994.724563 	 30001101 	 24000961
15834.777317 	 30001082 	 24000961
15676.429544 	 33000988 	 24000961
15519.665249 	 30000945 	 24000961
15364.468596 	 32001205 	 24000961
15210.823910 	 32001021 	 24000961
15058.715671 	 33001033 	 24000961
14908.128515 	 32001159 	 24000961
14759.047229 	 27001150 	 24000961
14611.456757 	 28001169 	 24000961
14465.342189 	 30001180 	 24000961
14320.688768 	 29001012 	 24000961
14177.481880 	 29001243 	 24000961
14035.707061 	 34001078 	 24000961
13895.349991 	 26001057 	 24000961
13756.396491 	 29001005 	 24000961
13618.832526 	 26001221 	 24000961
13482.644200 	 26001094 	 24000961
13347.817758 	 25001124 	 24000961
13214.339581 	 28001161 	 24000961
13082.196185 	 28001288 	 24000961
12951.374223 	 32001280 	 24000961
12821.860481 	 30001347 	 24000961
12693.641876 	 29001163 	 24000961
12566.705457 	 24001025 	 24000961
12441.038403 	 29000944 	 24000961
12316.628019 	 34000942 	 24000961
12193.461739 	 34001094 	 24000961
12071.527121 	 33000984 	 24000961
11950.811850 	 32001122 	 24000961
11831.303732 	 32000957 	 24000961
11712.990694 	 29001173 	 24000961
11595.860787 	 27001156 	 24000961
11479.902179 	 26001077 	 24000961
11365.103158 	 27001187 	 24000961
11251.452126 	 34001210 	 24000961
11138.937605 	 31001199 	 24000961
11027.548229 	 27001228 	 24000961
10917.272746 	 31001113 	 24000961
10808.100019 	 28000954 	 24000961
10700.019019 	 29000998 	 24000900
10593.018829 	 29001149 	 24000900
10487.088640 	 28001084 	 24000900
10382.217754 	 29001067 	 24000900
10278.395576 	 29001110 	 24000900
10175.611621 	 28001124 	 24000900
10073.855504 	 29001156 	 24000900
9973.116949 	 28001110 	 24000900
9873.385780 	 29001084 	 24000900
9774.651922 	 28001077 	 24000900
9676.905403 	 29001081 	 24000900
9580.136349 	 25001046 	 24000900
9484.334985 	 31001143 	 24000900
9389.491635 	 29001054 	 24000900
9295.596719 	 30001293 	 24000900
9202.640752 	 28001086 	 24000900
9110.614344 	 27001143 	 24000900
9019.508201 	 31001050 	 24000900
8929.313119 	 32001209 	 24000900
8840.019988 	 29001044 	 24000900
8751.619788 	 30001019 	 24000900
8664.103590 	 28000967 	 24000900
8577.462554 	 29001008 	 24000900
8491.687929 	 29001029 	 24000900
8406.771049 	 33001084 	 24000900
8322.703339 	 31001095 	 24000900
8239.476305 	 27001146 	 24000900
8157.081542 	 34001069 	 24000900
8075.510727 	 30001059 	 24000900
7994.755620 	 31001129 	 24000900
7914.808063 	 30001156 	 24000900
7835.659983 	 30001099 	 24000900
7757.303383 	 29001126 	 24000900
7679.730349 	 29001179 	 24000900
7602.933046 	 34000966 	 24000900
7526.903715 	 28001021 	 24000900
7451.634678 	 25001174 	 24000900
7377.118331 	 27001066 	 24000900
7303.347148 	 28000998 	 24000900
7230.313676 	 30001029 	 24000900
7158.010540 	 31001120 	 24000900
7086.430434 	 30000932 	 24000900
7015.566130 	 27001099 	 24000900
6945.410469 	 34001067 	 24000900
6875.956364 	 29001209 	 24000900
6807.196800 	 30001142 	 24000900
6739.124832 	 30001154 	 24000900
6671.733584 	 34001233 	 24000900
6605.016248 	 34001273 	 24000900
6538.966086 	 30001142 	 24000900
6473.576425 	 30001049 	 24000900
6408.840661 	 29001188 	 24000900
6344.752254 	 33001095 	 24000900
6281.304731 	 30001209 	 24000900
6218.491684 	 33001152 	 24000900
6156.306767 	 31001210 	 24000900
6094.743700 	 27001055 	 24000900
6033.796263 	 27001001 	 24000900
5973.458300 	 29001066 	 24000900
5913.723717 	 26001248 	 24000900
5854.586480 	 29001138 	 24000900
5796.040615 	 32001075 	 24000900
5738.080209 	 34001174 	 24000900
5680.699407 	 35001114 	 24000900
5623.892413 	 28001101 	 24000900
5567.653489 	 28001160 	 24000900
5511.976954 	 31001150 	 24000900
5456.857184 	 29001073 	 24000900
5402.288612 	 29001110 	 24000900
5348.265726 	 27001150 	 24000900
5294.783069 	 26001187 	 24000900
5241.835238 	 28001273 	 24000900
5189.416886 	 32001075 	 24000900
5137.522717 	 34001215 	 24000900
5086.147490 	 35001174 	 24000900
5035.286015 	 32001018 	 24000900
4984.933155 	 28001216 	 24000900
4935.083823 	 31001104 	 24000900
4885.732985 	 35001044 	 24000900
4836.875655 	 34001050 	 24000900
4788.506899 	 31000885 	 24000900
4740.621830 	 30001055 	 24000900
4693.215611 	 30001174 	 24000900
4646.283455 	 28001141 	 24000900
4599.820621 	 32001279 	 24000900
4553.822414 	 31001147 	 24000900
4508.284190 	 26001110 	 24000900
4463.201348 	 29001015 	 24000900
4418.569335 	 28000989 	 24000900
4374.383642 	 27001013 	 24000900
4330.639805 	 30000954 	 24000900
4287.333407 	 27001041 	 24000900
4244.460073 	 29001140 	 24000900
4202.015472 	 29001048 	 24000900
4159.995318 	 32001071 	 24000900
4118.395364 	 30001127 	 24000900
4077.211411 	 31001094 	 24000900
4036.439297 	 29000906 	 24000900
3996.074904 	 31000884 	 24000900
3956.114155 	 30001066 	 24000900
3916.553013 	 28001166 	 24000900
3877.387483 	 27001073 	 24000900
3838.613608 	 28001096 	 24000900
3800.227472 	 28000971 	 24000900
3762.225197 	 28001094 	 24000900
3724.602945 	 30001177 	 24000900
3687.356916 	 33001111 	 24000900
3650.483347 	 31001103 	 24000900
3613.978513 	 29001117 	 24000900
3577.838728 	 29001102 	 24000900
3542.060341 	 27001105 	 24000900
3506.639737 	 32000991 	 24000900
3471.573340 	 32001113 	 24000900
3436.857607 	 32001153 	 24000900
3402.489031 	 32000985 	 24000900
3368.464140 	 34001054 	 24000900
3334.779499 	 29001158 	 24000900
3301.431704 	 31001235 	 24000900
3268.417387 	 30001143 	 24000900
3235.733213 	 26001217 	 24000900
3203.375881 	 30001270 	 24000900
3171.342122 	 29001167 	 24000900
3139.628701 	 33001175 	 24000900
3108.232414 	 38001177 	 24000900
3077.150090 	 34001159 	 24000900
3046.378589 	 33001062 	 24000900
3015.914803 	 32000988 	 24000900
2985.755655 	 31001083 	 24000900
2955.898098 	 29001136 	 24000900
2926.339117 	 26001261 	 24000900
2897.075726 	 27001172 	 24000900
2868.104969 	 29001224 	 24000900
2839.423919 	 28001210 	 24000900
2811.029680 	 30001292 	 24000900
2782.919383 	 28001219 	 24000900
2755.090189 	 30001198 	 24000900
2727.539288 	 33001161 	 24000900
2700.263895 	 30001204 	 24000900
2673.261256 	 32001122 	 24000900
2646.528643 	 29001146 	 24000900
2620.063357 	 32001183 	 24000900
2593.862723 	 31001108 	 24000900
2567.924096 	 30001129 	 24000900
2542.244855 	 31001232 	 24000900
2516.822406 	 30001066 	 24000900
2491.654182 	 31001101 	 24000900
2466.737641 	 30001178 	 24000900
2442.070264 	 28001122 	 24000900
2417.649561 	 37001091 	 24000900
2393.473066 	 34001032 	 24000900
2369.538335 	 31000824 	 24000900
2345.842952 	 30000996 	 24000900
2322.384522 	 30001131 	 24000900
2299.160677 	 28001140 	 24000900
2276.169070 	 31001112 	 24000900
2253.407380 	 26001138 	 24000900
2230.873306 	 28000982 	 24000900
2208.564573 	 29001062 	 24000900
2186.478927 	 37001196 	 24000900
2164.614138 	 29001084 	 24000900
2142.967996 	 33000931 	 24000900
2121.538316 	 25000987 	 24000900
2100.322933 	 30000986 	 24000900
2079.319704 	 29001087 	 24000900
2058.526507 	 26001003 	 24000900
2037.941242 	 33001080 	 24000900
2017.561829 	 29001108 	 24000900
1997.386211 	 28001082 	 24000900
1977.412349 	 32001000 	 24000900
1957.638226 	 28001029 	 24000900
1938.061843 	 29001115 	 24000900
1918.681225 	 27001082 	 24000900
1899.494413 	 29001132 	 24000900
1880.499468 	 30001139 	 24000900
1861.694474 	 30001072 	 24000900
1843.077529 	 30001030 	 24000900
1824.646754 	 33000911 	 24000900
1806.400286 	 33000984 	 24000900
1788.336283 	 33001094 	 24000900
1770.452921 	 33001092 	 24000900
1752.748391 	 28000997 	 24000900
1735.220907 	 28001088 	 24000900
1717.868698 	 29001030 	 24000900
1700.690011 	 28001005 	 24000900
1683.683111 	 31001144 	 24000900
1666.846280 	 34001147 	 24000900
1650.177817 	 29000993 	 24000900
1633.676039 	 28001109 	 24000900
1617.339279 	 29001147 	 24000900
1601.165886 	 30001084 	 24000900
1585.154227 	 27001147 	 24000900
1569.302685 	 35001147 	 24000900
1553.609658 	 32001163 	 24000900
1538.073561 	 32001124 	 24000900
1522.692826 	 31001097 	 24000900
1507.465898 	 30001026 	 24000900
1492.391239 	 31001121 	 24000900
1477.467326 	 31001169 	 24000900
1462.692653 	 30001208 	 24000900
1448.065726 	 28001111 	 24000900
1433.585069 	 25001177 	 24000900
1419.249218 	 28001149 	 24000900
1405.056726 	 27001047 	 24000900
1391.006159 	 28001201 	 24000900
1377.096097 	 26001041 	 24000900
1363.325136 	 29001133 	 24000900
1349.691885 	 30001070 	 24000900
1336.194966 	 29001003 	 24000900
1322.833017 	 30001061 	 24000900
1309.604686 	 30000972 	 24000900
1296.508640 	 26001102 	 24000900
1283.543553 	 26001038 	 24000900
1270.708118 	 24001255 	 24000900
1258.001036 	 30001128 	 24000900
1245.421026 	 25001098 	 24000900
1232.966816 	 28001062 	 24000900
1220.637148 	 33000980 	 24000900
1208.430776 	 34001017 	 24000900
1196.346468 	 35001138 	 24000900
1184.383004 	 31001207 	 24000900
1172.539174 	 29000990 	 24000900
1160.813782 	 33001060 	 24000900
1149.205644 	 32001039 	 24000900
1137.713588 	 33001129 	 24000900
1126.336452 	 31001063 	 24000900
1115.073087 	 27001001 	 24000900
1103.922356 	 27000983 	 24000900
1092.883133 	 32001081 	 24000900
1081.954302 	 32001100 	 24000900
1071.134758 	 29001254 	 24000900
1060.423411 	 25001167 	 24000900
1049.819177 	 27001069 	 24000900
1039.320985 	 37001126 	 24000900
1028.927775 	 33001109 	 24000900
1018.638497 	 28001164 	 24000900
1008.452112 	 30001130 	 24000900
998.367591 	 36001078 	 24000900
988.383915 	 32001143 	 24000900
978.500076 	 30001128 	 24000900
968.715075 	 27001120 	 24000900
959.027925 	 27001081 	 24000900
949.437645 	 28001152 	 24000900
939.943269 	 28001103 	 24000900
930.543836 	 31001120 	 24000900
921.238398 	 31001154 	 24000900
912.026014 	 32001144 	 24000900
902.905754 	 32001178 	 24000900
893.876696 	 28001150 	 24000900
884.937929 	 28001097 	 24000900
876.088550 	 34001145 	 24000900
867.327665 	 30001146 	 24000900
858.654388 	 25001049 	 24000900
850.067844 	 28001067 	 24000900
841.567166 	 26001118 	 24000900
833.151494 	 29001170 	 24000900
824.819979 	 32001039 	 24000900
816.571779 	 32001011 	 24000900
808.406061 	 35001150 	 24000900
800.322001 	 29001240 	 24000900
792.318781 	 28001030 	 24000900
784.395593 	 28001054 	 24000900
776.551637 	 30001075 	 24000900
768.786121 	 30001051 	 24000900
761.098259 	 26001047 	 24000900
753.487277 	 28001097 	 24000900
745.952404 	 35001077 	 24000900
738.492880 	 31001075 	 24000900
731.107951 	 29001260 	 24000900
723.796872 	 29001178 	 24000900
716.558903 	 33001158 	 24000900
709.393314 	 32001036 	 24000900
702.299381 	 28001081 	 24000900
695.276387 	 26001179 	 24000900
688.323623 	 28001023 	 24000900
681.440387 	 27001286 	 24000900
674.625983 	 27001150 	 24000900
667.879723 	 29001015 	 24000900
661.200926 	 26001173 	 24000900
654.588917 	 27001274 	 24000900
648.043028 	 25001036 	 24000900
641.562597 	 27001125 	 24000900
635.146971 	 31001108 	 24000900
628.795502 	 34001300 	 24000900
622.507547 	 29001095 	 24000900
616.282471 	 31001060 	 24000900
610.119646 	 32001050 	 24000900
604.018450 	 29001089 	 24000900
597.978265 	 27001096 	 24000900
591.998483 	 29001065 	 24000900
586.078498 	 30001111 	 24000900
580.217713 	 33001071 	 24000900
574.415536 	 30001035 	 24000900
568.671381 	 29001059 	 24000900
562.984667 	 30001112 	 24000900
557.354820 	 28001078 	 24000900
551.781272 	 30001001 	 24000900
546.263459 	 28001128 	 24000900
540.800825 	 28001134 	 24000900
535.392816 	 27001032 	 24000900
530.038888 	 28001232 	 24000900
524.738499 	 30001290 	 24000900
519.491114 	 26001102 	 24000900
514.296203 	 30001130 	 24000900
509.153241 	 31001128 	 24000900
504.061709 	 26001085 	 24000900
499.021092 	 28001066 	 24000900
494.030881 	 28001056 	 24000900
489.090572 	 28000992 	 24000900
484.199666 	 31001148 	 24000900
479.357669 	 33001066 	 24000900
474.564093 	 28001116 	 24000900
469.818452 	 33001015 	 24000900
465.120267 	 28000867 	 24000900
460.469065 	 27001035 	 24000900
455.864374 	 34000975 	 24000900
451.305730 	 27001002 	 24000900
446.792673 	 36001210 	 24000900
442.324746 	 31001003 	 24000900
437.901499 	 29001030 	 24000900
433.522484 	 30001055 	 24000900
429.187259 	 34001094 	 24000900
424.895386 	 36001075 	 24000900
420.646433 	 28001215 	 24000900
416.439968 	 28001032 	 24000900
412.275569 	 26001008 	 24000900
408.152813 	 30001141 	 24000900
404.071285 	 31001143 	 24000900
400.030572 	 30001203 	 24000900
396.030266 	 31001133 	 24000900
392.069963 	 33001057 	 24000900
388.149264 	 34001151 	 24000900
384.267771 	 28001113 	 24000900
380.425093 	 26001241 	 24000900
376.620843 	 31001265 	 24000900
372.854634 	 28001140 	 24000900
369.126088 	 27001016 	 24000900
365.434827 	 32001086 	 24000900
361.780479 	 28001016 	 24000900
358.162674 	 33001080 	 24000900
354.581047 	 26001050 	 24000900
351.035237 	 28001142 	 24000900
347.524884 	 35001156 	 24000900
344.049635 	 36001168 	 24000900
340.609139 	 34001306 	 24000900
337.203048 	 34001095 	 24000900
333.831017 	 32001044 	 24000900
330.492707 	 30000980 	 24000900
327.187780 	 30000941 	 24000900
323.915902 	 28001141 	 24000900
320.676743 	 28001104 	 24000900
317.469976 	 27001100 	 24000900
314.295276 	 33001177 	 24000900
311.152323 	 30001215 	 24000900
308.040800 	 32001230 	 24000900
304.960392 	 27001142 	 24000900
301.910788 	 28001129 	 24000900
298.891680 	 32001165 	 24000900
295.902763 	 32001216 	 24000900
292.943736 	 28001155 	 24000900
290.014298 	 24001116 	 24000900
287.114155 	 32001068 	 24000900
284.243014 	 33001135 	 24000900
281.400584 	 32001195 	 24000900
278.586578 	 30001107 	 24000900
275.800712 	 29001093 	 24000900
273.042705 	 29001191 	 24000900
270.312278 	 28001156 	 24000900
267.609155 	 24001171 	 24000900
264.933064 	 24001034 	 24000900
262.283733 	 31001065 	 24000900
259.660896 	 31001086 	 24000900
257.064287 	 30001127 	 24000900
254.493644 	 29001055 	 24000900
251.948707 	 32001215 	 24000900
249.429220 	 28001139 	 24000900
246.934928 	 25001091 	 24000900
244.465579 	 27001153 	 24000900
242.020923 	 28001055 	 24000900
239.600714 	 25001161 	 24000900
237.204707 	 26001246 	 24000900
234.832660 	 28001185 	 24000900
232.484333 	 28001071 	 24000900
230.159490 	 30001088 	 24000900
227.857895 	 31001070 	 24000900
225.579316 	 28001033 	 24000900
223.323523 	 31001090 	 24000900
221.090287 	 30001083 	 24000900
218.879385 	 34001049 	 24000900
216.690591 	 34001058 	 24000900
214.523685 	 31001154 	 24000900
212.378448 	 24001086 	 24000900
210.254663 	 24001047 	 24000900
208.152117 	 31001071 	 24000900
206.070596 	 33001205 	 24000900
204.009890 	 34001062 	 24000900
201.969791 	 35001147 	 24000900
199.950093 	 33001117 	 24000900
197.950592 	 33001190 	 24000900
195.971086 	 32001156 	 24000900
194.011375 	 28001089 	 24000900
192.071261 	 30001140 	 24000900
190.150549 	 30001028 	 24000900
188.249043 	 36001113 	 24000900
186.366553 	 28001098 	 24000900
184.502887 	 30001167 	 24000900
182.657859 	 30001173 	 24000900
180.831280 	 30001162 	 24000900
179.022967 	 30001163 	 24000900
177.232737 	 31001102 	 24000900
175.460410 	 32001134 	 24000900
173.705806 	 31001075 	 24000900
171.968748 	 29001095 	 24000900
170.249060 	 26001045 	 24000900
168.546570 	 28001070 	 24000900
166.861104 	 25000967 	 24000900
165.192493 	 35001040 	 24000900
163.540568 	 29001206 	 24000900
161.905162 	 31001037 	 24000900
160.286111 	 30001116 	 24000900
158.683250 	 33001102 	 24000900
157.096417 	 29001043 	 24000900
155.525453 	 27001071 	 24000900
153.970199 	 33001111 	 24000900
152.430497 	 30001054 	 24000900
150.906192 	 29001226 	 24000900
149.397130 	 28001050 	 24000900
147.903158 	 29001128 	 24000900
146.424127 	 28001166 	 24000900
144.959886 	 26001065 	 24000900
143.510287 	 29001234 	 24000900
142.075184 	 29001266 	 24000900
140.654432 	 30001061 	 24000900
139.247888 	 24001041 	 24000900
137.855409 	 26001145 	 24000900
136.476855 	 26001197 	 24000900
135.112086 	 30001159 	 24000900
133.760965 	 26001180 	 24000900
132.423356 	 28001189 	 24000900
131.099122 	 24001190 	 24000900
129.788131 	 25001074 	 24000900
128.490250 	 24001153 	 24000900
127.205347 	 29001110 	 24000900
125.933294 	 26001133 	 24000900
124.673961 	 28000998 	 24000900
123.427221 	 31001167 	 24000900
122.192949 	 26001052 	 24000900
120.971019 	 33001190 	 24000900
119.761309 	 31001130 	 24000900
118.563696 	 31001056 	 24000900
117.378059 	 33001128 	 24000900
116.204278 	 32001040 	 24000900
115.042236 	 30000947 	 24000900
113.891813 	 29000961 	 24000900
112.752895 	 33000987 	 24000900
111.625366 	 31001168 	 24000900
110.509113 	 31001071 	 24000900
109.404021 	 31000988 	 24000900
108.309981 	 29001104 	 24000900
107.226881 	 28001022 	 24000900
106.154613 	 27001155 	 24000900
105.093067 	 30001261 	 24000900
104.042136 	 31001178 	 24000900
103.001714 	 30001128 	 24000900
101.971697 	 30001197 	 24000900
100.951980 	 30001120 	 24000900
99.942461 	 30001180 	 24000900
98.943036 	 31001128 	 24000900
97.953606 	 30001114 	 24000900
96.974070 	 28001100 	 24000900
96.004329 	 32001162 	 24000900
95.044286 	 25001154 	 24000900
94.093843 	 29000986 	 24000900
93.152904 	 27001054 	 24000900
92.221375 	 25000955 	 24000900
91.299161 	 27001097 	 24000900
90.386170 	 31001142 	 24000900
89.482308 	 26001144 	 24000900
88.587485 	 31001168 	 24000900
87.701610 	 31001039 	 24000900
86.824594 	 35001162 	 24000900
85.956348 	 36001153 	 24000900
85.096785 	 25001153 	 24000900
84.245817 	 30001176 	 24000900
83.403359 	 30001081 	 24000900
82.569325 	 27001204 	 24000900
81.743632 	 27001201 	 24000900
80.926196 	 31001174 	 24000900
80.116934 	 32001197 	 24000900
79.315764 	 25001049 	 24000900
78.522607 	 31001095 	 24000900
77.737381 	 32001026 	 24000900
76.960007 	 34000947 	 24000900
76.190407 	 30000971 	 24000900
75.428503 	 33001133 	 24000900
74.674218 	 33001139 	 24000900
73.927475 	 31001096 	 24000900
73.188201 	 26001175 	 24000900
72.456319 	 27001111 	 24000900
71.731755 	 33001107 	 24000900
71.014438 	 28001136 	 24000900
70.304294 	 29001160 	 24000900
69.601251 	 29001148 	 24000900
68.905238 	 27001058 	 24000900
68.216186 	 35001224 	 24000900
67.534024 	 35001212 	 24000900
66.858684 	 28001193 	 24000900
66.190097 	 28001204 	 24000900
65.528196 	 28001121 	 24000900
64.872914 	 32001130 	 24000900
64.224185 	 30001092 	 24000900
63.581943 	 26001030 	 24000900
62.946123 	 27001054 	 24000900
62.316662 	 29001016 	 24000900
61.693496 	 33001165 	 24000900
61.076561 	 25001012 	 24000900
60.465795 	 28000996 	 24000900
59.861137 	 31001112 	 24000900
59.262526 	 34001030 	 24000900
58.669900 	 31001034 	 24000900
58.083201 	 32001216 	 24000900
57.502369 	 30001041 	 24000900
56.927346 	 31001161 	 24000900
56.358072 	 27001051 	 24000900
55.794492 	 29001052 	 24000900
55.236547 	 29001088 	 24000900
54.684181 	 27001145 	 24000900
54.137339 	 36001182 	 24000900
53.595966 	 34001086 	 24000900
53.060006 	 31001080 	 24000900
52.529406 	 26001065 	 24000900
52.004112 	 27001035 	 24000900
51.484071 	 26001123 	 24000900
50.969230 	 26001114 	 24000900
50.459538 	 30001023 	 24000900
49.954943 	 31000989 	 24000900
49.455393 	 25001147 	 24000900
48.960839 	 27001119 	 24000900
48.471231 	 31001145 	 24000900
47.986519 	 29001088 	 24000900
47.506653 	 28001111 	 24000900
47.031587 	 32001080 	 24000900
46.561271 	 32001140 	 24000900
46.095658 	 26001142 	 24000900
45.634702 	 28001215 	 24000900
45.178355 	 25000947 	 24000900
44.726571 	 29001001 	 24000900
44.279305 	 28001042 	 24000900
43.836512 	 27000984 	 24000900
43.398147 	 27001214 	 24000900
42.964166 	 31001173 	 24000900
42.534524 	 28001143 	 24000900
42.109179 	 29001030 	 24000900
41.688087 	 30001101 	 24000900
41.271206 	 31001037 	 24000900
40.858494 	 33001135 	 24000900
40.449909 	 30001158 	 24000900
40.045410 	 30001141 	 24000900
39.644956 	 33001173 	 24000900
39.248506 	 28001192 	 24000900
38.856021 	 26001162 	 24000900
38.467461 	 30001014 	 24000900
38.082787 	 27001074 	 24000900
37.701959 	 28000980 	 24000900
37.324939 	 29001112 	 24000900
36.951690 	 29001065 	 24000900
36.582173 	 26000922 	 24000900
36.216351 	 26001000 	 24000900
35.854188 	 26000944 	 24000900
35.495646 	 26000964 	 24000900
35.140689 	 29001109 	 24000900
34.789282 	 29001050 	 24000900
34.441390 	 24001013 	 24000900
34.096976 	 31001061 	 24000900
33.756006 	 29001015 	 24000900
33.418446 	 26000998 	 24000900
33.084261 	 28001084 	 24000900
32.753419 	 28001228 	 24000900
32.425885 	 29001094 	 24000900
32.101626 	 28001062 	 24000900
31.780609 	 28001120 	 24000900
31.462803 	 25001141 	 24000900
31.148175 	 34001198 	 24000900
30.836694 	 33001223 	 24000900
30.528327 	 33001179 	 24000900
30.223043 	 27001209 	 24000900
29.920813 	 30001041 	 24000900
29.621605 	 25001134 	 24000900
29.325389 	 29001131 	 24000900
29.032135 	 30000989 	 24000900
28.741814 	 32001134 	 24000900
28.454395 	 35001142 	 24000900
28.169851 	 33001149 	 24000900
27.888153 	 31001130 	 24000900
27.609271 	 32001041 	 24000900
27.333179 	 33001081 	 24000900
27.059847 	 33001133 	 24000900
26.789248 	 33001106 	 24000900
26.521356 	 28001006 	 24000900
26.256142 	 33001097 	 24000900
25.993581 	 31001003 	 24000900
25.733645 	 35001224 	 24000900
25.476309 	 36001091 	 24000900
25.221546 	 30001123 	 24000900
24.969330 	 30001062 	 24000900
24.719637 	 28001048 	 24000900
24.472440 	 31001066 	 24000900
24.227716 	 28001152 	 24000900
23.985439 	 32001234 	 24000900
23.745585 	 32001115 	 24000900
23.508129 	 32001222 	 24000900
23.273047 	 33000971 	 24000900
23.040317 	 29001089 	 24000900
22.809914 	 29001139 	 24000900
22.581815 	 29001157 	 24000900
22.355996 	 28001017 	 24000900
22.132437 	 28001074 	 24000900
21.911112 	 27001123 	 24000900
21.692001 	 27001196 	 24000900
21.475081 	 32001105 	 24000900
21.260330 	 27001126 	 24000900
21.047727 	 28001089 	 24000900
20.837250 	 28000955 	 24000900
20.628877 	 30001108 	 24000900
20.422588 	 33001117 	 24000900
20.218362 	 35001103 	 24000900
20.016179 	 37001046 	 24000900
19.816017 	 27001051 	 24000900
19.617857 	 26001137 	 24000900
19.421678 	 31001236 	 24000900
19.227462 	 36001042 	 24000900
19.035187 	 34001002 	 24000900
18.844835 	 30000876 	 24000900
18.656387 	 34001004 	 24000900
18.469823 	 34001021 	 24000900
18.285125 	 33001089 	 24000900
18.102273 	 28001127 	 24000900
17.921251 	 26000897 	 24000900
17.742038 	 29001018 	 24000900
17.564618 	 30001041 	 24000900
17.388972 	 30001140 	 24000900
17.215082 	 26001183 	 24000900
17.042931 	 34001184 	 24000900
16.872502 	 32001086 	 24000900
16.703777 	 31001017 	 24000900
16.536739 	 25001069 	 24000900
16.371372 	 27001106 	 24000900
16.207658 	 25001138 	 24000900
16.045581 	 27001174 	 24000900
15.885125 	 28001173 	 24000900
15.726274 	 34001089 	 24000900
15.569011 	 27000969 	 24000900
15.413321 	 26001217 	 24000900
15.259188 	 30001155 	 24000900
15.106596 	 28001119 	 24000900
14.955530 	 30001038 	 24000900
14.805975 	 30001117 	 24000900
14.657915 	 28001079 	 24000900
14.511336 	 33000985 	 24000900
14.366223 	 29001158 	 24000900
14.222560 	 30001156 	 24000900
14.080335 	 27001106 	 24000900
13.939532 	 28001081 	 24000900
13.800136 	 28001053 	 24000900
13.662135 	 30001130 	 24000900
13.525514 	 30001242 	 24000900
13.390258 	 33001101 	 24000900
13.256356 	 32001001 	 24000900
13.123792 	 33001033 	 24000900
12.992554 	 37001190 	 24000900
12.862629 	 32001232 	 24000900
12.734002 	 28001124 	 24000900
12.606662 	 35001217 	 24000900
12.480596 	 29001160 	 24000900
12.355790 	 29001102 	 24000900
12.232232 	 30001096 	 24000900
12.109910 	 25001147 	 24000900
11.988811 	 28001160 	 24000900
11.868922 	 31001133 	 24000900
11.750233 	 27001209 	 24000900
11.632731 	 35001080 	 24000900
11.516404 	 33001038 	 24000900
11.401240 	 32001150 	 24000900
11.287227 	 32000982 	 24000900
11.174355 	 27001028 	 24000900
11.062611 	 28001154 	 24000900
10.951985 	 26001164 	 24000900
10.842465 	 29001042 	 24000900
10.734041 	 27001230 	 24000900
10.626700 	 26001151 	 24000900
10.520433 	 29001012 	 24000900
10.415229 	 33001037 	 24000900
10.311077 	 34000948 	 24000900
10.207966 	 31001054 	 24000900
10.105886 	 26001160 	 24000900
10.004827 	 28001117 	 24000900
9.904779 	 31001117 	 24000900
9.805731 	 27001106 	 24000900
9.707674 	 27001104 	 24000900
9.610597 	 26000997 	 24000900
9.514491 	 32001058 	 24000900
9.419346 	 32001060 	 24000900
9.325153 	 32001128 	 24000900
9.231901 	 33001167 	 24000900
9.139582 	 32001103 	 24000900
9.048187 	 28001087 	 24000900
8.957705 	 26001098 	 24000900
8.868128 	 24001019 	 24000900
8.779446 	 32001111 	 24000900
8.691652 	 33001205 	 24000900
8.604735 	 32001013 	 24000900
8.518688 	 33001146 	 24000900
8.433501 	 36001268 	 24000900
8.349166 	 33000902 	 24000900
8.265674 	 27000991 	 24000900
8.183018 	 28001176 	 24000900
8.101188 	 27001049 	 24000900
8.020176 	 31001023 	 24000900
7.939974 	 33001048 	 24000900
7.860574 	 35001053 	 24000900
7.781968 	 35001117 	 24000900
7.704149 	 28001107 	 24000900
7.627107 	 31001084 	 24000900
7.550836 	 35000994 	 24000900
7.475328 	 33001019 	 24000900
7.400575 	 33001185 	 24000900
7.326569 	 32000997 	 24000900
7.253303 	 28001005 	 24000900
7.180770 	 27001021 	 24000900
7.108962 	 27001032 	 24000900
7.037873 	 29001019 	 24000900
6.967494 	 32000934 	 24000900
6.897819 	 28001105 	 24000900
6.828841 	 29001111 	 24000900
6.760552 	 29001147 	 24000900
6.692947 	 26001128 	 24000900
6.626018 	 26001112 	 24000900
6.559757 	 26001052 	 24000900
6.494160 	 29001198 	 24000900
6.429218 	 28001027 	 24000900
6.364926 	 28000999 	 24000900
6.301277 	 32001057 	 24000900
6.238264 	 33001020 	 24000900
6.175881 	 27001062 	 24000900
6.114122 	 31000980 	 24000900
6.052981 	 35000964 	 24000900
5.992451 	 30001190 	 24000900
5.932527 	 29001057 	 24000900
5.873202 	 31001117 	 24000900
5.814470 	 32001076 	 24000900
5.756325 	 29001072 	 24000900
5.698762 	 32001071 	 24000900
5.641774 	 30001178 	 24000900
5.585356 	 28001098 	 24000900
5.529503 	 27001067 	 24000900
5.474208 	 28000957 	 24000900
5.419466 	 32001008 	 24000900
5.365271 	 28001000 	 24000900
5.311618 	 26001034 	 24000900
5.258502 	 29001120 	 24000900
5.205917 	 28001253 	 24000900
5.153858 	 32001088 	 24000900
5.102319 	 26001000 	 24000900
5.051296 	 29001071 	 24000899
5.000783 	 29001114 	 24000899
4.950775 	 30001173 	 24000899
4.901268 	 31000997 	 24000899
4.852255 	 25001022 	 24000899
4.803732 	 24000984 	 24000899
4.755695 	 27001087 	 24000899
4.708138 	 33001137 	 24000899
4.661057 	 32001177 	 24000899
4.614446 	 32001179 	 24000899
4.568302 	 28001162 	 24000899
4.522619 	 34001053 	 24000899
4.477393 	 34001005 	 24000899
4.432619 	 31001059 	 24000899
4.388292 	 30001207 	 24000899
4.344409 	 28001241 	 24000899
4.300965 	 32001084 	 24000899
4.257956 	 29000943 	 24000899
4.215376 	 28000919 	 24000899
4.173222 	 27000947 	 24000899
4.131490 	 28001088 	 24000899
4.090175 	 27001152 	 24000899
4.049274 	 30001015 	 24000899
4.008781 	 29001166 	 24000899
3.968693 	 25001228 	 24000899
3.929006 	 28001119 	 24000899
3.889716 	 31001152 	 24000899
3.850819 	 34001076 	 24000899
3.812311 	 29000963 	 24000899
3.774188 	 26000903 	 24000899
3.736446 	 33001048 	 24000899
3.699081 	 29001084 	 24000899
3.662090 	 30001112 	 24000899
3.625469 	 31001113 	 24000899
3.589215 	 32001092 	 24000899
3.553323 	 29001089 	 24000899
3.517789 	 30001143 	 24000899
3.482612 	 30001093 	 24000899
3.447785 	 33001021 	 24000899
3.413308 	 31001014 	 24000899
3.379174 	 31000885 	 24000899
3.345383 	 33001013 	 24000899
3.311929 	 29001075 	 24000899
3.278810 	 26000971 	 24000899
3.246022 	 29000986 	 24000899
3.213561 	 34001043 	 24000899
3.181426 	 29001054 	 24000899
3.149611 	 30000997 	 24000899
3.118115 	 32001089 	 24000899
3.086934 	 34001137 	 24000899
3.056065 	 34001175 	 24000899
3.025504 	 33001116 	 24000899
2.995249 	 35001168 	 24000899
2.965297 	 27001097 	 24000899
2.935644 	 29001225 	 24000899
2.906287 	 31001116 	 24000899
2.877224 	 25001187 	 24000899
2.848452 	 29001109 	 24000899
2.819968 	 28001247 	 24000899
2.791768 	 27001047 	 24000899
2.763850 	 31001093 	 24000899
2.736212 	 30001126 	 24000899
2.708850 	 31001232 	 24000899
2.681761 	 30001139 	 24000899
2.654944 	 30001134 	 24000899
2.628394 	 34001150 	 24000899
2.602110 	 33000953 	 24000899
2.576089 	 31001046 	 24000899
2.550328 	 29001170 	 24000899
2.524825 	 29001157 	 24000899
2.499577 	 31001099 	 24000899
2.474581 	 31001107 	 24000899
2.449835 	 26001154 	 24000899
2.425337 	 29001022 	 24000899
2.401083 	 33001087 	 24000899
2.377072 	 30001076 	 24000899
2.353302 	 30001077 	 24000899
2.329769 	 30001119 	 24000899
2.306471 	 31001070 	 24000899
2.283406 	 29001207 	 24000899
2.260572 	 28001057 	 24000899
2.237967 	 26001026 	 24000899
2.215587 	 35001084 	 24000899
2.193431 	 30001102 	 24000899
2.171497 	 26001017 	 24000899
2.149782 	 32001110 	 24000899
2.128284 	 31000987 	 24000899
2.107001 	 25000940 	 24000899
2.085931 	 28001031 	 24000899
2.065072 	 31001049 	 24000899
2.044421 	 31001096 	 24000899
2.023977 	 31001266 	 24000899
2.003737 	 28001205 	 24000899
1.983700 	 28001169 	 24000899
1.963863 	 29001100 	 24000899
1.944224 	 30001102 	 24000899
1.924782 	 27001145 	 24000899
1.905534 	 29001092 	 24000899
1.886479 	 30001009 	 24000899
1.867614 	 30001126 	 24000899
1.848938 	 31001203 	 24000899
1.830448 	 30001039 	 24000899
1.812144 	 29001132 	 24000899
1.794022 	 26001103 	 24000899
1.776082 	 26001036 	 24000899
1.758321 	 29000953 	 24000899
1.740738 	 30001060 	 24000899
1.723331 	 28001116 	 24000899
1.706098 	 29001108 	 24000899
1.689037 	 30001089 	 24000899
1.672146 	 31001046 	 24000899
1.655425 	 29001107 	 24000899
1.638870 	 28000988 	 24000899
1.622482 	 26001049 	 24000899
1.606257 	 30001088 	 24000899
1.590194 	 30001071 	 24000899
1.574292 	 33001213 	 24000899
1.558550 	 34001147 	 24000899
1.542964 	 34001242 	 24000899
1.527534 	 35001133 	 24000899
1.512259 	 33001278 	 24000899
1.497136 	 29001094 	 24000899
1.482165 	 31001113 	 24000899
1.467343 	 35001003 	 24000899
1.452670 	 26001144 	 24000899
1.438143 	 28001150 	 24000899
1.423762 	 27001218 	 24000899
1.409524 	 28001107 	 24000899
1.395429 	 28001062 	 24000899
1.381475 	 26001130 	 24000899
1.367660 	 29001111 	 24000899
1.353983 	 29001071 	 24000899
1.340444 	 27001118 	 24000899
1.327039 	 25001188 	 24000899
1.313769 	 29001097 	 24000899
1.300631 	 28001000 	 24000899
1.287625 	 30001106 	 24000899
1.274748 	 25001073 	 24000899
1.262001 	 30001161 	 24000899
1.249381 	 28001203 	 24000899
1.236887 	 28001118 	 24000899
1.224518 	 30001148 	 24000899
1.212273 	 31001110 	 24000899
1.200150 	 28001074 	 24000899
1.188149 	 30001081 	 24000899
1.176267 	 28001026 	 24000899
1.164505 	 32001062 	 24000899
1.152860 	 29001118 	 24000899
1.141331 	 26001195 	 24000899
1.129918 	 28001067 	 24000899
1.118619 	 26001128 	 24000899
1.107432 	 27001035 	 24000899
1.096358 	 36000946 	 24000899
1.085394 	 32001013 	 24000899
1.074541 	 30001105 	 24000899
1.063795 	 29001243 	 24000899
1.053157 	 27001143 	 24000899
1.042626 	 29001261 	 24000899
1.032199 	 28001128 	 24000899
1.021877 	 28000921 	 24000899
1.011659 	 28001180 	 24000899
1.001542 	 29001217 	 24000899
