30000000.000000 	 4000582 	 4000582
29700000.000000 	 6000600 	 1000583
29403000.000000 	 5000551 	 1000561
29108970.000000 	 6000547 	 1000488
28817880.300000 	 6000648 	 1000488
28529701.497000 	 4000566 	 1000488
28244404.482030 	 7000486 	 1000488
27961960.437210 	 6000604 	 1000488
27682340.832838 	 5000535 	 1000488
27405517.424509 	 5000510 	 1000488
27131462.250264 	 2000563 	 1000488
26860147.627761 	 1000598 	 1000488
26591546.151484 	 7000596 	 1000488
26325630.689969 	 3000504 	 1000485
26062374.383069 	 5000503 	 1000485
25801750.639239 	 7000602 	 1000485
25543733.132846 	 3000591 	 1000485
25288295.801518 	 3000631 	 1000485
25035412.843503 	 2000610 	 1000485
24785058.715068 	 2000519 	 1000485
24537208.127917 	 2000502 	 1000485
24291836.046638 	 4000534 	 1000482
24048917.686171 	 3000620 	 1000482
23808428.509310 	 5000549 	 1000482
23570344.224217 	 4000562 	 1000482
23334640.781974 	 7000551 	 1000482
23101294.374155 	 4000640 	 1000482
22870281.430413 	 3000526 	 1000479
22641578.616109 	 4000552 	 1000479
22415162.829948 	 6000529 	 1000479
22191011.201648 	 7000507 	 1000479
21969101.089632 	 5000559 	 1000479
21749410.078736 	 7000584 	 1000479
21531915.977948 	 5000538 	 1000479
21316596.818169 	 5000541 	 1000479
21103430.849987 	 3000569 	 1000479
20892396.541487 	 5000581 	 1000479
20683472.576072 	 6000528 	 1000479
20476637.850312 	 3000586 	 1000479
20271871.471809 	 2000521 	 1000479
20069152.757090 	 4000479 	 1000479
19868461.229520 	 7000486 	 1000479
19669776.617224 	 4000619 	 1000479
19473078.851052 	 5000520 	 1000479
19278348.062542 	 3000521 	 1000479
19085564.581916 	 6000576 	 1000479
18894708.936097 	 2000556 	 1000479
18705761.846736 	 6000606 	 1000479
18518704.228269 	 2000524 	 1000479
18333517.185986 	 5000589 	 1000479
18150182.014126 	 2000580 	 1000479
17968680.193985 	 5000537 	 1000479
17788993.392045 	 6000600 	 1000479
17611103.458125 	 7000482 	 1000479
17434992.423543 	 5000488 	 1000479
17260642.499308 	 6000625 	 1000479
17088036.074315 	 6000587 	 1000479
16917155.713572 	 4000619 	 1000479
16747984.156436 	 5000518 	 1000479
16580504.314872 	 5000607 	 1000479
16414699.271723 	 2000628 	 1000479
16250552.279006 	 6000603 	 1000479
16088046.756216 	 4000612 	 1000479
15927166.288653 	 5000530 	 1000479
15767894.625767 	 4000594 	 1000479
15610215.679509 	 3000590 	 1000479
15454113.522714 	 2000581 	 1000479
15299572.387487 	 6000513 	 1000479
15146576.663612 	 4000533 	 1000479
14995110.896976 	 4000547 	 1000479
14845159.788006 	 4000489 	 1000479
14696708.190126 	 4000579 	 1000479
14549741.108225 	 4000551 	 1000479
14404243.697143 	 7000570 	 1000479
14260201.260171 	 4000503 	 1000479
14117599.247570 	 3000610 	 1000479
13976423.255094 	 5000646 	 1000479
13836659.022543 	 3000594 	 1000479
13698292.432317 	 4000524 	 1000479
13561309.507994 	 4000533 	 1000479
13425696.412914 	 2000574 	 1000479
13291439.448785 	 2000554 	 1000479
13158525.054297 	 6000604 	 1000479
13026939.803754 	 4000549 	 1000479
12896670.405717 	 4000663 	 1000479
12767703.701660 	 3000622 	 1000479
12640026.664643 	 3000572 	 1000479
12513626.397997 	 3000518 	 1000479
12388490.134017 	 6000630 	 1000479
12264605.232676 	 3000588 	 1000479
12141959.180350 	 3000583 	 1000479
12020539.588546 	 6000489 	 1000479
11900334.192661 	 6000615 	 1000479
11781330.850734 	 4000621 	 1000479
11663517.542227 	 7000549 	 1000479
11546882.366805 	 5000556 	 1000479
11431413.543136 	 6000592 	 1000479
11317099.407705 	 4000589 	 1000479
11203928.413628 	 6000618 	 1000479
11091889.129492 	 5000525 	 1000479
10980970.238197 	 6000561 	 1000479
10871160.535815 	 3000579 	 1000479
10762448.930457 	 4000634 	 1000479
10654824.441152 	 6000542 	 1000479
10548276.196741 	 7000500 	 1000479
10442793.434773 	 5000581 	 1000479
10338365.500426 	 7000568 	 1000479
10234981.845421 	 3000579 	 1000479
10132632.026967 	 4000635 	 1000479
10031305.706697 	 5000498 	 1000479
9930992.649630 	 5000509 	 1000479
9831682.723134 	 4000527 	 1000479
9733365.895903 	 3000566 	 1000479
9636032.236944 	 5000578 	 1000479
9539671.914574 	 4000566 	 1000479
9444275.195429 	 4000532 	 1000479
9349832.443474 	 4000625 	 1000479
9256334.119040 	 6000614 	 1000479
9163770.777849 	 7000590 	 1000479
9072133.070071 	 4000581 	 1000479
8981411.739370 	 6000524 	 1000479
8891597.621976 	 5000544 	 1000479
8802681.645756 	 6000493 	 1000479
8714654.829299 	 2000631 	 1000479
8627508.281006 	 6000605 	 1000479
8541233.198196 	 3000588 	 1000479
8455820.866214 	 5000555 	 1000479
8371262.657552 	 3000546 	 1000479
8287550.030976 	 4000492 	 1000479
8204674.530666 	 2000583 	 1000479
8122627.785360 	 4000480 	 1000479
8041401.507506 	 5000520 	 1000479
7960987.492431 	 2000534 	 1000479
7881377.617507 	 3000608 	 1000479
7802563.841332 	 2000567 	 1000479
7724538.202918 	 6000582 	 1000479
7647292.820889 	 4000588 	 1000479
7570819.892680 	 6000618 	 1000479
7495111.693754 	 5000526 	 1000479
7420160.576816 	 5000583 	 1000479
7345958.971048 	 4000598 	 1000479
7272499.381337 	 7000545 	 1000479
7199774.387524 	 4000559 	 1000479
7127776.643649 	 1000557 	 1000479
7056498.877212 	 2000598 	 1000479
6985933.888440 	 6000506 	 1000479
6916074.549556 	 5000555 	 1000479
6846913.804060 	 3000553 	 1000479
6778444.666020 	 7000587 	 1000479
6710660.219359 	 4000503 	 1000479
6643553.617166 	 7000551 	 1000479
6577118.080994 	 5000542 	 1000479
6511346.900184 	 3000544 	 1000479
6446233.431182 	 2000555 	 1000479
6381771.096871 	 3000595 	 1000479
6317953.385902 	 3000504 	 1000479
6254773.852043 	 3000505 	 1000479
6192226.113522 	 4000617 	 1000479
6130303.852387 	 4000534 	 1000479
6069000.813863 	 5000619 	 1000479
6008310.805725 	 2000536 	 1000479
5948227.697667 	 5000645 	 1000479
5888745.420691 	 3000524 	 1000479
5829857.966484 	 6000503 	 1000479
5771559.386819 	 3000518 	 1000479
5713843.792951 	 4000602 	 1000479
5656705.355021 	 6000529 	 1000479
5600138.301471 	 6000590 	 1000479
5544136.918456 	 5000545 	 1000479
5488695.549272 	 5000598 	 1000479
5433808.593779 	 5000610 	 1000479
5379470.507841 	 6000612 	 1000479
5325675.802763 	 1000555 	 1000479
5272419.044735 	 6000621 	 1000479
5219694.854288 	 6000509 	 1000479
5167497.905745 	 4000587 	 1000479
5115822.926688 	 5000547 	 1000479
5064664.697421 	 7000598 	 1000479
5014018.050447 	 5000528 	 1000479
4963877.869942 	 6000625 	 1000479
4914239.091243 	 6000573 	 1000479
4865096.700330 	 3000524 	 1000479
4816445.733327 	 5000596 	 1000479
4768281.275994 	 6000627 	 1000479
4720598.463234 	 7000568 	 1000479
4673392.478601 	 5000511 	 1000479
4626658.553815 	 7000565 	 1000479
4580391.968277 	 4000572 	 1000479
4534588.048594 	 5000535 	 1000479
4489242.168108 	 4000532 	 1000479
4444349.746427 	 3000600 	 1000479
4399906.248963 	 4000538 	 1000479
4355907.186473 	 5000526 	 1000479
4312348.114609 	 4000614 	 1000479
4269224.633463 	 3000573 	 1000479
4226532.387128 	 2000565 	 1000479
4184267.063257 	 4000575 	 1000479
4142424.392624 	 7000587 	 1000479
4101000.148698 	 4000607 	 1000479
4059990.147211 	 5000532 	 1000479
4019390.245739 	 2000611 	 1000479
3979196.343281 	 3000534 	 1000479
3939404.379849 	 6000570 	 1000479
3900010.336050 	 4000640 	 1000479
3861010.232690 	 3000526 	 1000479
3822400.130363 	 2000563 	 1000479
3784176.129059 	 4000618 	 1000479
3746334.367769 	 6000539 	 1000479
3708871.024091 	 3000581 	 1000479
3671782.313850 	 2000555 	 1000479
3635064.490711 	 5000617 	 1000479
3598713.845804 	 3000550 	 1000479
3562726.707346 	 3000517 	 1000479
3527099.440273 	 3000596 	 1000479
3491828.445870 	 5000612 	 1000479
3456910.161411 	 3000616 	 1000479
3422341.059797 	 4000616 	 1000479
3388117.649199 	 6000602 	 1000479
3354236.472707 	 7000486 	 1000479
3320694.107980 	 3000610 	 1000479
3287487.166900 	 6000614 	 1000479
3254612.295231 	 4000572 	 1000479
3222066.172279 	 3000547 	 1000479
3189845.510556 	 2000493 	 1000479
3157947.055451 	 5000547 	 1000479
3126367.584896 	 4000524 	 1000479
3095103.909047 	 6000592 	 1000479
3064152.869957 	 4000544 	 1000479
3033511.341257 	 6000572 	 1000479
3003176.227845 	 1000575 	 1000479
2973144.465566 	 4000615 	 1000479
2943413.020911 	 5000524 	 1000479
2913978.890701 	 4000584 	 1000479
2884839.101794 	 5000581 	 1000479
2855990.710777 	 3000570 	 1000479
2827430.803669 	 1000630 	 1000479
2799156.495632 	 4000566 	 1000479
2771164.930676 	 5000499 	 1000479
2743453.281369 	 4000535 	 1000479
2716018.748555 	 5000600 	 1000479
2688858.561070 	 5000610 	 1000479
2661969.975459 	 3000588 	 1000479
2635350.275704 	 4000625 	 1000479
2608996.772947 	 5000493 	 1000479
2582906.805218 	 3000523 	 1000479
2557077.737166 	 6000578 	 1000479
2531506.959794 	 6000631 	 1000479
2506191.890196 	 3000589 	 1000479
2481129.971294 	 1000562 	 1000479
2456318.671581 	 4000577 	 1000479
2431755.484865 	 6000534 	 1000479
2407437.930017 	 3000522 	 1000479
2383363.550717 	 3000576 	 1000479
2359529.915209 	 7000585 	 1000479
2335934.616057 	 2000587 	 1000479
2312575.269897 	 6000615 	 1000479
2289449.517198 	 3000625 	 1000479
2266555.022026 	 5000498 	 1000479
2243889.471806 	 4000560 	 1000479
2221450.577088 	 4000557 	 1000479
2199236.071317 	 3000639 	 1000479
2177243.710603 	 3000648 	 1000479
2155471.273497 	 7000565 	 1000479
2133916.560762 	 5000549 	 1000479
2112577.395155 	 3000620 	 1000479
2091451.621203 	 5000521 	 1000479
2070537.104991 	 7000583 	 1000479
2049831.733941 	 6000475 	 1000479
2029333.416602 	 5000572 	 1000479
2009040.082436 	 1000593 	 1000479
1988949.681612 	 6000522 	 1000479
1969060.184795 	 7000568 	 1000479
1949369.582947 	 5000535 	 1000479
1929875.887118 	 3000609 	 1000479
1910577.128247 	 6000502 	 1000479
1891471.356964 	 4000544 	 1000479
1872556.643395 	 5000573 	 1000479
1853831.076961 	 2000496 	 1000479
1835292.766191 	 5000528 	 1000479
1816939.838529 	 5000622 	 1000479
1798770.440144 	 7000579 	 1000479
1780782.735743 	 6000547 	 1000479
1762974.908385 	 2000615 	 1000479
1745345.159301 	 3000531 	 1000479
1727891.707708 	 5000569 	 1000479
1710612.790631 	 5000553 	 1000479
1693506.662725 	 4000509 	 1000479
1676571.596098 	 5000572 	 1000479
1659805.880137 	 6000621 	 1000479
1643207.821335 	 7000600 	 1000479
1626775.743122 	 4000493 	 1000479
1610507.985691 	 3000554 	 1000479
1594402.905834 	 5000600 	 1000479
1578458.876775 	 5000621 	 1000479
1562674.288008 	 2000554 	 1000479
1547047.545128 	 6000597 	 1000479
1531577.069676 	 7000573 	 1000479
1516261.298980 	 3000492 	 1000479
1501098.685990 	 6000503 	 1000479
1486087.699130 	 4000553 	 1000479
1471226.822139 	 4000597 	 1000479
1456514.553917 	 6000556 	 1000479
1441949.408378 	 6000615 	 1000479
1427529.914294 	 4000581 	 1000479
1413254.615151 	 6000593 	 1000479
1399122.069000 	 4000618 	 1000479
1385130.848310 	 6000589 	 1000479
1371279.539827 	 7000575 	 1000479
1357566.744428 	 4000608 	 1000479
1343991.076984 	 5000589 	 1000479
1330551.166214 	 3000564 	 1000479
1317245.654552 	 1000617 	 1000479
1304073.198007 	 3000513 	 1000479
1291032.466027 	 4000553 	 1000479
1278122.141366 	 7000553 	 1000479
1265340.919953 	 5000616 	 1000479
1252687.510753 	 4000496 	 1000479
1240160.635646 	 4000540 	 1000479
1227759.029289 	 2000542 	 1000479
1215481.438996 	 1000561 	 1000479
1203326.624606 	 5000514 	 1000479
1191293.358360 	 6000604 	 1000479
1179380.424777 	 6000589 	 1000479
1167586.620529 	 5000506 	 1000479
1155910.754324 	 5000603 	 1000479
1144351.646780 	 5000545 	 1000479
1132908.130313 	 3000636 	 1000479
1121579.049009 	 6000530 	 1000479
1110363.258519 	 5000557 	 1000479
1099259.625934 	 6000544 	 1000479
1088267.029675 	 6000526 	 1000479
1077384.359378 	 4000531 	 1000479
1066610.515784 	 5000639 	 1000479
1055944.410626 	 5000604 	 1000479
1045384.966520 	 7000539 	 1000479
1034931.116855 	 3000643 	 1000479
1024581.805686 	 5000612 	 1000479
1014335.987630 	 5000626 	 1000479
1004192.627753 	 6000589 	 1000479
994150.701476 	 7000502 	 1000479
984209.194461 	 4000534 	 1000479
974367.102516 	 6000543 	 1000479
964623.431491 	 7000552 	 1000479
954977.197176 	 6000603 	 1000479
945427.425204 	 7000566 	 1000479
935973.150952 	 5000547 	 1000479
926613.419443 	 3000518 	 1000479
917347.285248 	 3000539 	 1000479
908173.812396 	 2000580 	 1000479
899092.074272 	 7000612 	 1000479
890101.153529 	 6000606 	 1000479
881200.141994 	 2000567 	 1000479
872388.140574 	 4000598 	 1000479
863664.259168 	 7000544 	 1000479
855027.616577 	 5000535 	 1000479
846477.340411 	 6000632 	 1000479
838012.567007 	 4000603 	 1000479
829632.441337 	 4000525 	 1000479
821336.116923 	 6000543 	 1000479
813122.755754 	 4000620 	 1000479
804991.528197 	 6000538 	 1000479
796941.612915 	 7000576 	 1000479
788972.196785 	 4000523 	 1000479
781082.474818 	 7000587 	 1000479
773271.650069 	 4000572 	 1000479
765538.933569 	 6000499 	 1000479
757883.544233 	 3000593 	 1000479
750304.708791 	 2000598 	 1000479
742801.661703 	 5000517 	 1000479
735373.645086 	 5000579 	 1000479
728019.908635 	 3000636 	 1000479
720739.709549 	 5000564 	 1000479
713532.312453 	 3000587 	 1000479
706396.989329 	 6000594 	 1000479
699333.019435 	 1000549 	 1000479
692339.689241 	 4000599 	 1000479
685416.292349 	 5000576 	 1000479
678562.129425 	 3000528 	 1000479
671776.508131 	 2000586 	 1000479
665058.743049 	 6000607 	 1000479
658408.155619 	 5000559 	 1000479
651824.074063 	 4000518 	 1000479
645305.833322 	 4000626 	 1000479
638852.774989 	 4000591 	 1000479
632464.247239 	 6000617 	 1000479
626139.604767 	 3000609 	 1000479
619878.208719 	 3000539 	 1000479
613679.426632 	 5000602 	 1000479
607542.632365 	 5000603 	 1000479
601467.206042 	 6000530 	 1000479
595452.533981 	 6000597 	 1000479
589498.008642 	 7000573 	 1000479
583603.028555 	 6000522 	 1000479
577766.998270 	 3000609 	 1000479
571989.328287 	 3000615 	 1000479
566269.435004 	 2000557 	 1000479
560606.740654 	 5000494 	 1000479
555000.673247 	 5000530 	 1000479
549450.666515 	 4000576 	 1000479
543956.159850 	 5000598 	 1000479
538516.598251 	 3000580 	 1000479
533131.432269 	 4000573 	 1000479
527800.117946 	 6000492 	 1000479
522522.116767 	 3000541 	 1000479
517296.895599 	 5000580 	 1000479
512123.926643 	 2000563 	 1000479
507002.687377 	 6000530 	 1000479
501932.660503 	 5000584 	 1000479
496913.333898 	 3000594 	 1000479
491944.200559 	 5000552 	 1000479
487024.758553 	 5000640 	 1000479
482154.510968 	 5000579 	 1000479
477332.965858 	 6000612 	 1000479
472559.636199 	 4000458 	 1000479
467834.039837 	 3000610 	 1000479
463155.699439 	 4000572 	 1000479
458524.142445 	 5000538 	 1000479
453938.901020 	 1000578 	 1000479
449399.512010 	 3000609 	 1000479
444905.516890 	 7000559 	 1000479
440456.461721 	 5000537 	 1000479
436051.897104 	 3000570 	 1000479
431691.378133 	 3000504 	 1000479
427374.464351 	 2000587 	 1000479
423100.719708 	 4000513 	 1000479
418869.712511 	 5000637 	 1000479
414681.015386 	 4000557 	 1000479
410534.205232 	 6000560 	 1000479
406428.863180 	 4000518 	 1000479
402364.574548 	 6000584 	 1000479
398340.928802 	 2000544 	 1000479
394357.519514 	 3000620 	 1000479
390413.944319 	 5000503 	 1000479
386509.804876 	 5000581 	 1000479
382644.706827 	 5000589 	 1000479
378818.259759 	 5000617 	 1000479
375030.077161 	 5000578 	 1000479
371279.776390 	 7000590 	 1000479
367566.978626 	 6000625 	 1000479
363891.308840 	 3000543 	 1000479
360252.395751 	 5000601 	 1000479
356649.871794 	 6000530 	 1000479
353083.373076 	 1000532 	 1000479
349552.539345 	 3000519 	 1000479
346057.013952 	 4000517 	 1000479
342596.443812 	 3000526 	 1000479
339170.479374 	 1000554 	 1000479
335778.774580 	 2000542 	 1000479
332420.986834 	 5000458 	 1000479
329096.776966 	 1000594 	 1000479
325805.809196 	 3000562 	 1000479
322547.751104 	 5000634 	 1000479
319322.273593 	 5000526 	 1000479
316129.050857 	 4000484 	 1000479
312967.760349 	 3000601 	 1000479
309838.082745 	 4000494 	 1000479
306739.701918 	 6000589 	 1000479
303672.304899 	 3000502 	 1000479
300635.581850 	 4000593 	 1000479
297629.226031 	 7000603 	 1000479
294652.933771 	 6000619 	 1000479
291706.404433 	 4000606 	 1000479
288789.340389 	 4000519 	 1000479
285901.446985 	 5000599 	 1000479
283042.432515 	 5000478 	 1000479
280212.008190 	 5000531 	 1000479
277409.888108 	 3000627 	 1000479
274635.789227 	 3000617 	 1000479
271889.431335 	 4000525 	 1000479
269170.537021 	 4000522 	 1000479
266478.831651 	 4000589 	 1000479
263814.043335 	 5000551 	 1000479
261175.902901 	 4000594 	 1000479
258564.143872 	 1000531 	 1000479
255978.502434 	 5000607 	 1000479
253418.717409 	 4000549 	 1000479
250884.530235 	 4000537 	 1000479
248375.684933 	 6000513 	 1000479
245891.928083 	 5000583 	 1000479
243433.008803 	 6000600 	 1000479
240998.678715 	 5000547 	 1000479
238588.691927 	 3000528 	 1000479
236202.805008 	 4000602 	 1000479
233840.776958 	 6000617 	 1000479
231502.369189 	 6000597 	 1000479
229187.345497 	 4000520 	 1000479
226895.472042 	 3000519 	 1000479
224626.517321 	 2000572 	 1000479
222380.252148 	 4000632 	 1000479
220156.449627 	 6000556 	 1000479
217954.885130 	 4000517 	 1000479
215775.336279 	 1000487 	 1000479
213617.582916 	 6000597 	 1000479
211481.407087 	 6000605 	 1000479
209366.593016 	 4000536 	 1000479
207272.927086 	 4000498 	 1000479
205200.197815 	 3000549 	 1000479
203148.195837 	 5000620 	 1000479
201116.713879 	 5000487 	 1000479
199105.546740 	 5000513 	 1000479
197114.491272 	 7000581 	 1000479
195143.346360 	 4000575 	 1000479
193191.912896 	 5000582 	 1000479
191259.993767 	 6000524 	 1000479
189347.393829 	 4000534 	 1000479
187453.919891 	 3000540 	 1000479
185579.380692 	 6000632 	 1000479
183723.586885 	 4000625 	 1000479
181886.351017 	 2000599 	 1000479
180067.487506 	 4000647 	 1000479
178266.812631 	 7000590 	 1000479
176484.144505 	 6000614 	 1000479
174719.303060 	 5000605 	 1000479
172972.110029 	 3000614 	 1000479
171242.388929 	 3000528 	 1000479
169529.965040 	 6000559 	 1000479
167834.665389 	 5000484 	 1000479
166156.318735 	 5000531 	 1000479
164494.755548 	 3000530 	 1000479
162849.807993 	 5000606 	 1000479
161221.309913 	 4000540 	 1000479
159609.096814 	 3000488 	 1000479
158013.005845 	 4000602 	 1000479
156432.875787 	 4000605 	 1000479
154868.547029 	 6000496 	 1000479
153319.861559 	 7000557 	 1000479
151786.662943 	 5000603 	 1000479
150268.796314 	 6000482 	 1000479
148766.108351 	 5000580 	 1000479
147278.447267 	 6000554 	 1000479
145805.662794 	 6000508 	 1000479
144347.606167 	 5000551 	 1000479
142904.130105 	 2000611 	 1000479
141475.088804 	 3000588 	 1000479
140060.337916 	 3000642 	 1000479
138659.734537 	 3000579 	 1000479
137273.137191 	 4000530 	 1000479
135900.405819 	 5000502 	 1000479
134541.401761 	 3000547 	 1000479
133195.987744 	 5000611 	 1000479
131864.027866 	 3000535 	 1000479
130545.387587 	 4000603 	 1000479
129239.933712 	 5000626 	 1000479
127947.534374 	 4000629 	 1000479
126668.059031 	 6000559 	 1000479
125401.378440 	 7000535 	 1000479
124147.364656 	 4000538 	 1000479
122905.891009 	 5000562 	 1000479
121676.832099 	 3000654 	 1000479
120460.063778 	 1000503 	 1000479
119255.463141 	 7000550 	 1000479
118062.908509 	 7000598 	 1000479
116882.279424 	 4000613 	 1000479
115713.456630 	 6000466 	 1000479
114556.322064 	 4000617 	 1000479
113410.758843 	 6000508 	 1000479
112276.651254 	 4000606 	 1000479
111153.884742 	 4000469 	 1000479
110042.345894 	 2000572 	 1000479
108941.922436 	 6000504 	 1000479
107852.503211 	 7000522 	 1000479
106773.978179 	 5000557 	 1000479
105706.238397 	 6000533 	 1000479
104649.176013 	 4000581 	 1000479
103602.684253 	 4000645 	 1000479
102566.657411 	 6000609 	 1000479
101540.990837 	 4000548 	 1000479
100525.580928 	 3000577 	 1000479
99520.325119 	 5000496 	 1000479
98525.121868 	 5000525 	 1000479
97539.870649 	 5000535 	 1000479
96564.471943 	 3000528 	 1000479
95598.827223 	 5000576 	 1000479
94642.838951 	 4000623 	 1000479
93696.410561 	 4000573 	 1000479
92759.446456 	 4000618 	 1000479
91831.851991 	 2000648 	 1000479
90913.533471 	 3000579 	 1000479
90004.398137 	 5000521 	 1000479
89104.354155 	 3000579 	 1000479
88213.310614 	 2000629 	 1000479
87331.177508 	 4000525 	 1000479
86457.865732 	 4000542 	 1000479
85593.287075 	 4000570 	 1000479
84737.354204 	 5000568 	 1000479
83889.980662 	 5000600 	 1000479
83051.080856 	 6000486 	 1000479
82220.570047 	 4000553 	 1000479
81398.364347 	 7000581 	 1000479
80584.380703 	 4000620 	 1000479
79778.536896 	 7000614 	 1000479
78980.751527 	 4000645 	 1000479
78190.944012 	 7000579 	 1000479
77409.034572 	 4000595 	 1000479
76634.944226 	 4000550 	 1000479
75868.594784 	 6000566 	 1000479
75109.908836 	 5000496 	 1000479
74358.809748 	 5000476 	 1000479
73615.221650 	 7000600 	 1000479
72879.069434 	 4000582 	 1000479
72150.278739 	 6000455 	 1000479
71428.775952 	 4000600 	 1000479
70714.488192 	 3000583 	 1000479
70007.343310 	 2000542 	 1000479
69307.269877 	 1000546 	 1000479
68614.197179 	 5000526 	 1000479
67928.055207 	 4000529 	 1000479
67248.774655 	 3000592 	 1000479
66576.286908 	 4000538 	 1000479
65910.524039 	 5000510 	 1000479
65251.418799 	 4000592 	 1000479
64598.904611 	 4000511 	 1000479
63952.915565 	 6000600 	 1000479
63313.386409 	 6000547 	 1000479
62680.252545 	 4000646 	 1000479
62053.450019 	 4000495 	 1000479
61432.915519 	 6000609 	 1000479
60818.586364 	 3000563 	 1000479
60210.400500 	 7000581 	 1000479
59608.296495 	 6000602 	 1000479
59012.213530 	 6000541 	 1000479
58422.091395 	 4000513 	 1000479
57837.870481 	 7000583 	 1000479
57259.491776 	 5000604 	 1000479
56686.896859 	 4000529 	 1000479
56120.027890 	 4000556 	 1000479
55558.827611 	 6000573 	 1000479
55003.239335 	 6000481 	 1000479
54453.206942 	 7000600 	 1000479
53908.674872 	 5000571 	 1000479
53369.588124 	 5000537 	 1000479
52835.892242 	 3000611 	 1000479
52307.533320 	 3000534 	 1000479
51784.457987 	 3000558 	 1000479
51266.613407 	 7000600 	 1000479
50753.947273 	 2000557 	 1000479
50246.407800 	 5000526 	 1000479
49743.943722 	 6000513 	 1000479
49246.504285 	 3000544 	 1000479
48754.039242 	 3000541 	 1000479
48266.498850 	 3000609 	 1000479
47783.833861 	 7000590 	 1000479
47305.995522 	 3000598 	 1000479
46832.935567 	 6000599 	 1000479
46364.606212 	 3000543 	 1000479
45900.960149 	 2000531 	 1000479
45441.950548 	 5000521 	 1000479
44987.531042 	 5000590 	 1000479
44537.655732 	 4000545 	 1000479
44092.279175 	 4000522 	 1000479
43651.356383 	 6000576 	 1000479
43214.842819 	 5000521 	 1000479
42782.694391 	 4000569 	 1000479
42354.867447 	 3000597 	 1000479
41931.318773 	 5000576 	 1000479
41512.005585 	 3000589 	 1000479
41096.885529 	 3000607 	 1000479
40685.916674 	 5000579 	 1000479
40279.057507 	 4000586 	 1000479
39876.266932 	 6000513 	 1000479
39477.504263 	 3000605 	 1000479
39082.729220 	 5000582 	 1000479
38691.901928 	 2000589 	 1000479
38304.982908 	 6000625 	 1000479
37921.933079 	 4000555 	 1000479
37542.713749 	 4000592 	 1000479
37167.286611 	 2000616 	 1000479
36795.613745 	 3000618 	 1000479
36427.657608 	 5000568 	 1000479
36063.381031 	 4000597 	 1000479
35702.747221 	 5000566 	 1000479
35345.719749 	 3000618 	 1000479
34992.262551 	 2000617 	 1000479
34642.339926 	 3000555 	 1000479
34295.916527 	 6000583 	 1000479
33952.957361 	 4000600 	 1000479
33613.427788 	 4000547 	 1000479
33277.293510 	 7000523 	 1000479
32944.520575 	 3000484 	 1000479
32615.075369 	 3000614 	 1000479
32288.924615 	 4000540 	 1000479
31966.035369 	 6000555 	 1000479
31646.375016 	 2000594 	 1000479
31329.911265 	 3000587 	 1000479
31016.612153 	 4000544 	 1000479
30706.446031 	 5000616 	 1000479
30399.381571 	 5000617 	 1000479
30095.387755 	 7000581 	 1000479
29794.433878 	 4000630 	 1000479
29496.489539 	 5000632 	 1000479
29201.524643 	 4000553 	 1000479
28909.509397 	 6000586 	 1000479
28620.414303 	 6000546 	 1000479
28334.210160 	 3000610 	 1000479
28050.868058 	 5000610 	 1000479
27770.359378 	 4000581 	 1000479
27492.655784 	 4000531 	 1000479
27217.729226 	 1000558 	 1000479
26945.551934 	 6000531 	 1000479
26676.096415 	 1000598 	 1000479
26409.335450 	 6000513 	 1000479
26145.242096 	 1000564 	 1000479
25883.789675 	 5000553 	 1000479
25624.951778 	 5000606 	 1000479
25368.702260 	 5000595 	 1000479
25115.015238 	 5000606 	 1000479
24863.865085 	 4000475 	 1000479
24615.226435 	 2000487 	 1000479
24369.074170 	 3000534 	 1000479
24125.383429 	 1000541 	 1000479
23884.129594 	 5000591 	 1000479
23645.288298 	 1000605 	 1000479
23408.835415 	 2000593 	 1000479
23174.747061 	 5000581 	 1000479
22942.999591 	 5000517 	 1000479
22713.569595 	 4000532 	 1000479
22486.433899 	 6000530 	 1000479
22261.569560 	 5000615 	 1000479
22038.953864 	 5000533 	 1000479
21818.564326 	 1000558 	 1000479
21600.378682 	 2000640 	 1000479
21384.374895 	 3000619 	 1000479
21170.531146 	 6000636 	 1000479
20958.825835 	 4000543 	 1000479
20749.237577 	 6000621 	 1000479
20541.745201 	 4000570 	 1000479
20336.327749 	 2000603 	 1000479
20132.964471 	 7000561 	 1000479
19931.634827 	 4000587 	 1000479
19732.318478 	 6000574 	 1000479
19534.995294 	 4000620 	 1000479
19339.645341 	 4000624 	 1000479
19146.248887 	 4000633 	 1000479
18954.786398 	 4000580 	 1000479
18765.238534 	 5000582 	 1000479
18577.586149 	 6000525 	 1000479
18391.810288 	 4000513 	 1000479
18207.892185 	 3000600 	 1000479
18025.813263 	 4000609 	 1000479
17845.555130 	 5000582 	 1000479
17667.099579 	 2000516 	 1000479
17490.428583 	 4000619 	 1000479
17315.524297 	 4000592 	 1000479
17142.369054 	 4000609 	 1000479
16970.945364 	 4000498 	 1000479
16801.235910 	 7000581 	 1000479
16633.223551 	 3000572 	 1000479
16466.891316 	 5000543 	 1000479
16302.222402 	 6000544 	 1000479
16139.200178 	 5000643 	 1000479
15977.808177 	 4000555 	 1000479
15818.030095 	 5000498 	 1000479
15659.849794 	 6000493 	 1000479
15503.251296 	 4000592 	 1000479
15348.218783 	 6000613 	 1000479
15194.736595 	 6000605 	 1000479
15042.789229 	 5000507 	 1000479
14892.361337 	 5000626 	 1000479
14743.437724 	 5000556 	 1000479
14596.003346 	 5000528 	 1000479
14450.043313 	 3000589 	 1000479
14305.542880 	 5000558 	 1000479
14162.487451 	 6000507 	 1000479
14020.862576 	 6000567 	 1000479
13880.653951 	 6000460 	 1000479
13741.847411 	 6000548 	 1000479
13604.428937 	 4000577 	 1000479
13468.384648 	 3000630 	 1000479
13333.700801 	 7000548 	 1000479
13200.363793 	 4000538 	 1000479
13068.360155 	 6000600 	 1000479
12937.676554 	 4000600 	 1000479
12808.299788 	 4000595 	 1000479
12680.216790 	 4000548 	 1000479
12553.414622 	 4000640 	 1000479
12427.880476 	 4000594 	 1000479
12303.601671 	 4000550 	 1000479
12180.565655 	 3000557 	 1000479
12058.759998 	 6000583 	 1000479
11938.172398 	 3000510 	 1000479
11818.790674 	 6000546 	 1000479
11700.602767 	 4000491 	 1000479
11583.596740 	 4000575 	 1000479
11467.760772 	 5000487 	 1000479
11353.083165 	 4000484 	 1000479
11239.552333 	 3000585 	 1000479
11127.156810 	 5000595 	 1000479
11015.885242 	 4000559 	 1000479
10905.726389 	 5000606 	 1000479
10796.669125 	 4000615 	 1000479
10688.702434 	 4000519 	 1000479
10581.815410 	 4000497 	 1000479
10475.997256 	 3000524 	 1000479
10371.237283 	 4000546 	 1000479
10267.524910 	 1000576 	 1000479
10164.849661 	 5000568 	 1000479
10063.201164 	 1000546 	 1000479
9962.569153 	 6000494 	 1000479
9862.943461 	 7000482 	 1000479
9764.314027 	 3000528 	 1000479
9666.670886 	 4000570 	 1000479
9570.004178 	 6000468 	 1000479
9474.304136 	 4000542 	 1000479
9379.561094 	 6000602 	 1000479
9285.765483 	 5000613 	 1000479
9192.907829 	 5000582 	 1000479
9100.978750 	 3000567 	 1000479
9009.968963 	 2000629 	 1000479
8919.869273 	 5000584 	 1000479
8830.670580 	 5000474 	 1000479
8742.363875 	 6000621 	 1000479
8654.940236 	 2000541 	 1000479
8568.390834 	 4000511 	 1000479
8482.706925 	 4000615 	 1000479
8397.879856 	 4000544 	 1000479
8313.901057 	 7000549 	 1000479
8230.762047 	 6000541 	 1000479
8148.454426 	 4000608 	 1000479
8066.969882 	 4000533 	 1000479
7986.300183 	 3000531 	 1000479
7906.437181 	 5000600 	 1000479
7827.372810 	 3000553 	 1000479
7749.099082 	 4000629 	 1000479
7671.608091 	 4000583 	 1000479
7594.892010 	 5000511 	 1000479
7518.943090 	 3000540 	 1000479
7443.753659 	 7000559 	 1000479
7369.316122 	 2000606 	 1000479
7295.622961 	 6000475 	 1000479
7222.666731 	 4000494 	 1000479
7150.440064 	 4000501 	 1000479
7078.935663 	 6000536 	 1000479
7008.146307 	 5000573 	 1000479
6938.064844 	 3000602 	 1000479
6868.684195 	 6000608 	 1000479
6799.997353 	 5000530 	 1000479
6731.997380 	 6000542 	 1000479
6664.677406 	 4000639 	 1000479
6598.030632 	 4000573 	 1000479
6532.050326 	 3000549 	 1000479
6466.729822 	 7000598 	 1000479
6402.062524 	 3000582 	 1000479
6338.041899 	 7000558 	 1000479
6274.661480 	 7000550 	 1000479
6211.914865 	 4000536 	 1000479
6149.795716 	 5000580 	 1000479
6088.297759 	 5000505 	 1000479
6027.414782 	 2000590 	 1000479
5967.140634 	 7000582 	 1000479
5907.469228 	 4000603 	 1000479
5848.394535 	 7000565 	 1000479
5789.910590 	 4000602 	 1000479
5732.011484 	 4000619 	 1000479
5674.691369 	 4000645 	 1000479
5617.944456 	 5000600 	 1000479
5561.765011 	 5000598 	 1000479
5506.147361 	 3000559 	 1000479
5451.085887 	 5000635 	 1000479
5396.575028 	 3000648 	 1000479
5342.609278 	 5000547 	 1000479
5289.183185 	 4000603 	 1000479
5236.291353 	 1000576 	 1000479
5183.928440 	 4000555 	 1000479
5132.089156 	 7000578 	 1000479
5080.768264 	 3000509 	 1000479
5029.960581 	 3000555 	 1000479
4979.660976 	 4000612 	 1000479
4929.864366 	 6000627 	 1000479
4880.565722 	 6000529 	 1000479
4831.760065 	 4000510 	 1000479
4783.442464 	 6000570 	 1000479
4735.608040 	 4000544 	 1000479
4688.251959 	 3000566 	 1000479
4641.369440 	 5000582 	 1000479
4594.955745 	 5000521 	 1000479
4549.006188 	 6000538 	 1000479
4503.516126 	 5000492 	 1000479
4458.480965 	 4000558 	 1000479
4413.896155 	 5000579 	 1000479
4369.757193 	 3000604 	 1000479
4326.059621 	 5000530 	 1000479
4282.799025 	 4000572 	 1000479
4239.971035 	 6000459 	 1000479
4197.571325 	 4000552 	 1000479
4155.595611 	 5000611 	 1000479
4114.039655 	 2000562 	 1000479
4072.899259 	 7000591 	 1000479
4032.170266 	 7000557 	 1000479
3991.848564 	 5000623 	 1000479
3951.930078 	 7000560 	 1000479
3912.410777 	 5000614 	 1000479
3873.286669 	 3000505 	 1000479
3834.553803 	 3000576 	 1000479
3796.208265 	 4000552 	 1000479
3758.246182 	 4000612 	 1000479
3720.663720 	 5000505 	 1000479
3683.457083 	 4000546 	 1000479
3646.622512 	 4000563 	 1000479
3610.156287 	 5000622 	 1000479
3574.054724 	 4000519 	 1000479
3538.314177 	 3000545 	 1000479
3502.931035 	 4000573 	 1000479
3467.901725 	 4000568 	 1000479
3433.222708 	 1000637 	 1000479
3398.890480 	 1000624 	 1000479
3364.901576 	 5000558 	 1000479
3331.252560 	 4000527 	 1000479
3297.940034 	 4000601 	 1000479
3264.960634 	 7000579 	 1000479
3232.311028 	 4000511 	 1000479
3199.987917 	 5000603 	 1000479
3167.988038 	 5000636 	 1000479
3136.308158 	 3000582 	 1000479
3104.945076 	 6000569 	 1000479
3073.895625 	 3000510 	 1000479
3043.156669 	 5000570 	 1000479
3012.725102 	 7000564 	 1000479
2982.597851 	 4000493 	 1000479
2952.771873 	 3000580 	 1000479
2923.244154 	 7000566 	 1000479
2894.011713 	 4000589 	 1000479
2865.071596 	 4000608 	 1000479
2836.420880 	 4000545 	 1000479
2808.056671 	 6000534 	 1000479
2779.976104 	 6000458 	 1000479
2752.176343 	 6000615 	 1000479
2724.654580 	 2000498 	 1000479
2697.408034 	 6000573 	 1000479
2670.433953 	 6000531 	 1000479
2643.729614 	 4000600 	 1000479
2617.292318 	 7000581 	 1000479
2591.119395 	 5000562 	 1000479
2565.208201 	 2000496 	 1000479
2539.556119 	 4000624 	 1000479
2514.160557 	 3000574 	 1000479
2489.018952 	 2000512 	 1000479
2464.128762 	 4000634 	 1000479
2439.487475 	 2000630 	 1000479
2415.092600 	 3000596 	 1000479
2390.941674 	 5000619 	 1000479
2367.032257 	 5000531 	 1000479
2343.361935 	 3000584 	 1000479
2319.928315 	 6000590 	 1000479
2296.729032 	 3000594 	 1000479
2273.761742 	 4000501 	 1000479
2251.024124 	 5000571 	 1000479
2228.513883 	 5000616 	 1000479
2206.228744 	 5000491 	 1000479
2184.166457 	 6000592 	 1000479
2162.324792 	 7000553 	 1000479
2140.701544 	 6000593 	 1000479
2119.294529 	 1000518 	 1000479
2098.101584 	 5000617 	 1000479
2077.120568 	 6000581 	 1000479
2056.349362 	 6000488 	 1000479
2035.785869 	 5000525 	 1000479
2015.428010 	 7000573 	 1000479
1995.273730 	 7000542 	 1000479
1975.320992 	 7000569 	 1000479
1955.567783 	 3000615 	 1000479
1936.012105 	 4000530 	 1000479
1916.651984 	 7000516 	 1000479
1897.485464 	 5000548 	 1000479
1878.510609 	 3000594 	 1000479
1859.725503 	 4000558 	 1000479
1841.128248 	 2000573 	 1000479
1822.716966 	 7000587 	 1000479
1804.489796 	 4000563 	 1000479
1786.444898 	 5000561 	 1000479
1768.580449 	 2000532 	 1000479
1750.894645 	 6000539 	 1000479
1733.385698 	 5000601 	 1000479
1716.051841 	 3000540 	 1000479
1698.891323 	 3000627 	 1000479
1681.902409 	 3000485 	 1000479
1665.083385 	 3000591 	 1000479
1648.432552 	 5000523 	 1000479
1631.948226 	 3000615 	 1000479
1615.628744 	 2000547 	 1000479
1599.472456 	 5000491 	 1000479
1583.477732 	 5000484 	 1000479
1567.642954 	 2000550 	 1000479
1551.966525 	 3000511 	 1000479
1536.446860 	 4000579 	 1000479
1521.082391 	 4000634 	 1000479
1505.871567 	 4000640 	 1000479
1490.812851 	 4000624 	 1000479
1475.904723 	 2000613 	 1000479
1461.145676 	 6000578 	 1000479
1446.534219 	 7000540 	 1000479
1432.068877 	 5000548 	 1000479
1417.748188 	 5000599 	 1000479
1403.570706 	 4000594 	 1000479
1389.534999 	 6000517 	 1000479
1375.639649 	 5000542 	 1000479
1361.883253 	 2000516 	 1000479
1348.264420 	 4000603 	 1000479
1334.781776 	 5000612 	 1000479
1321.433958 	 5000548 	 1000479
1308.219619 	 2000629 	 1000479
1295.137422 	 1000580 	 1000479
1282.186048 	 4000529 	 1000479
1269.364188 	 6000602 	 1000479
1256.670546 	 7000610 	 1000479
1244.103840 	 7000581 	 1000479
1231.662802 	 4000551 	 1000479
1219.346174 	 4000518 	 1000479
1207.152712 	 5000545 	 1000479
1195.081185 	 4000549 	 1000479
1183.130373 	 5000566 	 1000479
1171.299069 	 4000636 	 1000479
1159.586079 	 6000520 	 1000479
1147.990218 	 4000579 	 1000479
1136.510316 	 6000554 	 1000479
1125.145213 	 3000642 	 1000479
1113.893760 	 3000618 	 1000479
1102.754823 	 5000516 	 1000479
1091.727275 	 6000613 	 1000479
1080.810002 	 6000609 	 1000479
1070.001902 	 5000516 	 1000479
1059.301883 	 3000619 	 1000479
1048.708864 	 5000562 	 1000479
1038.221775 	 4000613 	 1000479
1027.839558 	 3000559 	 1000479
1017.561162 	 6000513 	 1000479
1007.385550 	 3000559 	 1000479
997.311695 	 7000526 	 1000479
987.338578 	 3000510 	 1000479
977.465192 	 4000614 	 1000479
967.690540 	 6000585 	 1000479
958.013635 	 5000543 	 1000479
948.433499 	 5000547 	 1000479
938.949164 	 7000585 	 1000479
929.559672 	 7000503 	 1000479
920.264075 	 5000590 	 1000479
911.061434 	 7000523 	 1000479
901.950820 	 4000558 	 1000479
892.931312 	 3000504 	 1000479
884.001999 	 5000646 	 1000479
875.161979 	 2000592 	 1000479
866.410359 	 5000486 	 1000479
857.746255 	 2000547 	 1000479
849.168793 	 3000628 	 1000479
840.677105 	 4000598 	 1000479
832.270334 	 5000579 	 1000479
823.947631 	 4000551 	 1000479
815.708154 	 2000603 	 1000479
807.551073 	 2000571 	 1000479
799.475562 	 5000503 	 1000479
791.480806 	 3000583 	 1000479
783.565998 	 4000576 	 1000479
775.730338 	 5000588 	 1000479
767.973035 	 5000597 	 1000479
760.293305 	 6000545 	 1000479
752.690372 	 6000488 	 1000479
745.163468 	 7000585 	 1000479
737.711833 	 7000565 	 1000479
730.334715 	 6000541 	 1000479
723.031368 	 5000537 	 1000479
715.801054 	 4000544 	 1000479
708.643043 	 7000584 	 1000479
701.556613 	 1000508 	 1000479
694.541047 	 6000496 	 1000479
687.595636 	 5000554 	 1000479
680.719680 	 4000489 	 1000479
673.912483 	 5000614 	 1000479
667.173358 	 4000580 	 1000479
660.501625 	 5000601 	 1000479
653.896609 	 5000515 	 1000479
647.357642 	 7000585 	 1000479
640.884066 	 4000541 	 1000479
634.475225 	 5000590 	 1000479
628.130473 	 7000596 	 1000479
621.849168 	 4000618 	 1000479
615.630677 	 6000628 	 1000479
609.474370 	 3000509 	 1000479
603.379626 	 3000600 	 1000479
597.345830 	 7000531 	 1000479
591.372372 	 4000503 	 1000479
585.458648 	 2000544 	 1000479
579.604062 	 6000659 	 1000479
573.808021 	 7000473 	 1000479
568.069941 	 3000594 	 1000479
562.389241 	 4000517 	 1000479
556.765349 	 6000541 	 1000479
551.197695 	 3000609 	 1000479
545.685718 	 6000576 	 1000479
540.228861 	 7000495 	 1000479
534.826573 	 3000609 	 1000479
529.478307 	 4000571 	 1000479
524.183524 	 5000551 	 1000479
518.941689 	 3000600 	 1000479
513.752272 	 7000508 	 1000479
508.614749 	 5000600 	 1000479
503.528601 	 3000589 	 1000479
498.493315 	 3000605 	 1000479
493.508382 	 7000607 	 1000479
488.573299 	 4000545 	 1000479
483.687566 	 5000562 	 1000479
478.850690 	 3000534 	 1000479
474.062183 	 5000517 	 1000479
469.321561 	 2000520 	 1000479
464.628346 	 4000625 	 1000479
459.982062 	 5000626 	 1000479
455.382241 	 4000509 	 1000479
450.828419 	 3000514 	 1000479
446.320135 	 7000550 	 1000479
441.856933 	 6000561 	 1000479
437.438364 	 4000632 	 1000479
433.063981 	 6000529 	 1000479
428.733341 	 6000604 	 1000479
424.446007 	 7000581 	 1000479
420.201547 	 4000484 	 1000479
415.999532 	 6000550 	 1000479
411.839536 	 3000559 	 1000479
407.721141 	 4000619 	 1000479
403.643930 	 7000533 	 1000479
399.607490 	 7000551 	 1000479
395.611415 	 6000608 	 1000479
391.655301 	 4000606 	 1000479
387.738748 	 3000552 	 1000479
383.861361 	 5000581 	 1000479
380.022747 	 2000586 	 1000479
376.222520 	 4000557 	 1000479
372.460295 	 4000570 	 1000479
368.735692 	 6000521 	 1000479
365.048335 	 5000535 	 1000479
361.397851 	 3000608 	 1000479
357.783873 	 5000494 	 1000479
354.206034 	 5000643 	 1000479
350.663974 	 5000628 	 1000479
347.157334 	 2000608 	 1000479
343.685761 	 4000568 	 1000479
340.248903 	 2000549 	 1000479
336.846414 	 4000582 	 1000479
333.477950 	 6000583 	 1000479
330.143170 	 3000579 	 1000479
326.841739 	 5000622 	 1000479
323.573321 	 7000567 	 1000479
320.337588 	 4000473 	 1000479
317.134212 	 3000555 	 1000479
313.962870 	 2000519 	 1000479
310.823241 	 5000595 	 1000479
307.715009 	 4000605 	 1000479
304.637859 	 3000600 	 1000479
301.591480 	 5000526 	 1000479
298.575565 	 6000524 	 1000479
295.589810 	 4000610 	 1000479
292.633912 	 5000469 	 1000479
289.707573 	 2000587 	 1000479
286.810497 	 5000591 	 1000479
283.942392 	 5000602 	 1000479
281.102968 	 5000557 	 1000479
278.291938 	 6000524 	 1000479
275.509019 	 1000617 	 1000479
272.753929 	 2000549 	 1000479
270.026389 	 5000505 	 1000479
267.326126 	 4000581 	 1000479
264.652864 	 7000580 	 1000479
262.006336 	 3000632 	 1000479
259.386272 	 6000605 	 1000479
256.792410 	 3000628 	 1000479
254.224485 	 5000545 	 1000479
251.682241 	 3000539 	 1000479
249.165418 	 6000609 	 1000479
246.673764 	 4000584 	 1000479
244.207026 	 7000562 	 1000479
241.764956 	 3000608 	 1000479
239.347307 	 2000547 	 1000479
236.953834 	 7000570 	 1000479
234.584295 	 5000509 	 1000479
232.238452 	 4000610 	 1000479
229.916068 	 5000580 	 1000479
227.616907 	 3000519 	 1000479
225.340738 	 6000545 	 1000479
223.087331 	 3000590 	 1000479
220.856457 	 7000573 	 1000479
218.647893 	 7000529 	 1000479
216.461414 	 5000634 	 1000479
214.296800 	 2000549 	 1000479
212.153832 	 4000581 	 1000479
210.032293 	 4000623 	 1000479
207.931970 	 3000609 	 1000479
205.852651 	 6000531 	 1000479
203.794124 	 4000618 	 1000479
201.756183 	 4000579 	 1000479
199.738621 	 4000612 	 1000479
197.741235 	 5000609 	 1000479
195.763823 	 7000563 	 1000479
193.806184 	 2000550 	 1000479
191.868122 	 4000591 	 1000479
189.949441 	 4000611 	 1000479
188.049947 	 4000562 	 1000479
186.169447 	 5000627 	 1000479
184.307753 	 5000595 	 1000479
182.464675 	 6000481 	 1000479
180.640029 	 3000510 	 1000479
178.833628 	 6000593 	 1000479
177.045292 	 3000559 	 1000479
175.274839 	 5000527 	 1000479
173.522091 	 6000561 	 1000479
171.786870 	 2000572 	 1000479
170.069001 	 5000635 	 1000479
168.368311 	 6000510 	 1000479
166.684628 	 5000612 	 1000479
165.017782 	 6000590 	 1000479
163.367604 	 6000619 	 1000479
161.733928 	 5000595 	 1000479
160.116589 	 6000605 	 1000479
158.515423 	 6000525 	 1000479
156.930268 	 1000518 	 1000479
155.360966 	 3000625 	 1000479
153.807356 	 4000507 	 1000479
152.269283 	 4000548 	 1000479
150.746590 	 5000510 	 1000479
149.239124 	 4000544 	 1000479
147.746733 	 6000582 	 1000479
146.269265 	 4000485 	 1000479
144.806573 	 3000658 	 1000479
143.358507 	 2000627 	 1000479
141.924922 	 4000542 	 1000479
140.505673 	 6000536 	 1000479
139.100616 	 4000528 	 1000479
137.709610 	 7000548 	 1000479
136.332514 	 6000601 	 1000479
134.969189 	 2000608 	 1000479
133.619497 	 7000567 	 1000479
132.283302 	 5000510 	 1000479
130.960469 	 3000483 	 1000479
129.650864 	 3000552 	 1000479
128.354355 	 3000521 	 1000479
127.070812 	 4000511 	 1000479
125.800104 	 3000590 	 1000479
124.542103 	 4000613 	 1000479
123.296682 	 6000514 	 1000479
122.063715 	 3000568 	 1000479
120.843078 	 3000534 	 1000479
119.634647 	 4000538 	 1000479
118.438300 	 5000527 	 1000479
117.253917 	 3000563 	 1000479
116.081378 	 7000579 	 1000479
114.920564 	 5000605 	 1000479
113.771359 	 6000590 	 1000479
112.633645 	 3000555 	 1000479
111.507309 	 5000530 	 1000479
110.392236 	 4000622 	 1000479
109.288313 	 5000613 	 1000479
108.195430 	 5000617 	 1000479
107.113476 	 7000523 	 1000479
106.042341 	 6000499 	 1000479
104.981918 	 4000599 	 1000479
103.932099 	 4000572 	 1000479
102.892778 	 3000500 	 1000479
101.863850 	 4000598 	 1000479
100.845211 	 6000544 	 1000479
99.836759 	 3000590 	 1000479
98.838392 	 4000524 	 1000479
97.850008 	 5000578 	 1000479
96.871508 	 6000561 	 1000479
95.902792 	 6000597 	 1000479
94.943765 	 3000573 	 1000479
93.994327 	 6000507 	 1000479
93.054384 	 3000527 	 1000479
92.123840 	 5000502 	 1000479
91.202601 	 5000631 	 1000479
90.290575 	 5000611 	 1000479
89.387670 	 7000612 	 1000479
88.493793 	 5000503 	 1000479
87.608855 	 6000557 	 1000479
86.732766 	 5000551 	 1000479
85.865439 	 5000526 	 1000479
85.006784 	 5000563 	 1000479
84.156717 	 6000573 	 1000479
83.315149 	 6000593 	 1000479
82.481998 	 5000611 	 1000479
81.657178 	 5000599 	 1000479
80.840606 	 6000593 	 1000479
80.032200 	 7000612 	 1000479
79.231878 	 3000604 	 1000479
78.439559 	 2000602 	 1000479
77.655164 	 5000538 	 1000479
76.878612 	 5000607 	 1000479
76.109826 	 4000521 	 1000479
75.348728 	 2000506 	 1000479
74.595240 	 4000580 	 1000479
73.849288 	 4000516 	 1000479
73.110795 	 5000552 	 1000479
72.379687 	 7000571 	 1000479
71.655890 	 5000491 	 1000479
70.939331 	 5000584 	 1000479
70.229938 	 5000603 	 1000479
69.527639 	 5000579 	 1000479
68.832362 	 2000598 	 1000479
68.144039 	 5000544 	 1000479
67.462598 	 5000492 	 1000479
66.787972 	 5000537 	 1000479
66.120093 	 3000552 	 1000479
65.458892 	 3000563 	 1000479
64.804303 	 6000606 	 1000479
64.156260 	 5000584 	 1000479
63.514697 	 4000494 	 1000479
62.879550 	 5000531 	 1000479
62.250755 	 4000576 	 1000479
61.628247 	 2000563 	 1000479
61.011965 	 1000598 	 1000479
60.401845 	 5000560 	 1000479
59.797827 	 1000532 	 1000479
59.199848 	 7000550 	 1000479
58.607850 	 5000612 	 1000479
58.021771 	 6000541 	 1000479
57.441554 	 3000616 	 1000479
56.867138 	 5000625 	 1000479
56.298467 	 6000501 	 1000479
55.735482 	 3000611 	 1000479
55.178127 	 5000523 	 1000479
54.626346 	 5000572 	 1000479
54.080082 	 7000535 	 1000479
53.539282 	 6000544 	 1000479
53.003889 	 3000539 	 1000479
52.473850 	 4000645 	 1000479
51.949111 	 2000571 	 1000479
51.429620 	 2000557 	 1000479
50.915324 	 5000562 	 1000479
50.406171 	 4000579 	 1000479
49.902109 	 4000605 	 1000479
49.403088 	 3000640 	 1000479
48.909057 	 6000488 	 1000479
48.419967 	 6000602 	 1000479
47.935767 	 6000495 	 1000479
47.456409 	 4000582 	 1000479
46.981845 	 3000566 	 1000479
46.512027 	 6000601 	 1000479
46.046906 	 2000538 	 1000479
45.586437 	 3000618 	 1000479
45.130573 	 7000613 	 1000479
44.679267 	 6000542 	 1000479
44.232475 	 4000571 	 1000479
43.790150 	 4000522 	 1000479
43.352248 	 4000643 	 1000479
42.918726 	 7000542 	 1000479
42.489539 	 2000571 	 1000479
42.064643 	 4000605 	 1000479
41.643997 	 3000571 	 1000479
41.227557 	 6000572 	 1000479
40.815281 	 2000630 	 1000479
40.407128 	 5000601 	 1000479
40.003057 	 5000521 	 1000479
39.603027 	 4000634 	 1000479
39.206996 	 5000564 	 1000479
38.814926 	 6000513 	 1000479
38.426777 	 5000486 	 1000479
38.042509 	 2000612 	 1000479
37.662084 	 7000576 	 1000479
37.285463 	 4000525 	 1000479
36.912609 	 4000594 	 1000479
36.543483 	 3000551 	 1000479
36.178048 	 3000593 	 1000479
35.816267 	 4000628 	 1000479
35.458105 	 5000573 	 1000479
35.103524 	 4000545 	 1000479
34.752488 	 3000625 	 1000479
34.404964 	 5000492 	 1000479
34.060914 	 3000629 	 1000479
33.720305 	 5000572 	 1000479
33.383102 	 6000494 	 1000479
33.049271 	 6000574 	 1000479
32.718778 	 6000605 	 1000479
32.391590 	 5000607 	 1000479
32.067674 	 3000640 	 1000479
31.746998 	 2000505 	 1000479
31.429528 	 4000608 	 1000479
31.115232 	 7000581 	 1000479
30.804080 	 6000557 	 1000479
30.496039 	 4000609 	 1000479
30.191079 	 3000589 	 1000479
29.889168 	 3000557 	 1000479
29.590276 	 3000566 	 1000479
29.294374 	 4000571 	 1000479
29.001430 	 5000598 	 1000479
28.711416 	 4000644 	 1000479
28.424301 	 4000570 	 1000479
28.140058 	 3000622 	 1000479
27.858658 	 4000536 	 1000479
27.580071 	 5000645 	 1000479
27.304270 	 4000553 	 1000479
27.031228 	 3000617 	 1000479
26.760916 	 5000558 	 1000479
26.493306 	 5000593 	 1000479
26.228373 	 3000498 	 1000479
25.966090 	 4000544 	 1000479
25.706429 	 5000482 	 1000479
25.449364 	 4000519 	 1000479
25.194871 	 4000505 	 1000479
24.942922 	 1000562 	 1000479
24.693493 	 6000486 	 1000479
24.446558 	 3000583 	 1000479
24.202092 	 6000575 	 1000479
23.960071 	 5000602 	 1000479
23.720471 	 4000621 	 1000479
23.483266 	 3000588 	 1000479
23.248433 	 3000513 	 1000479
23.015949 	 6000628 	 1000479
22.785789 	 5000616 	 1000479
22.557932 	 4000609 	 1000479
22.332352 	 3000591 	 1000479
22.109029 	 7000579 	 1000479
21.887938 	 4000581 	 1000479
21.669059 	 4000509 	 1000479
21.452368 	 4000613 	 1000479
21.237845 	 5000551 	 1000479
21.025466 	 3000560 	 1000479
20.815212 	 4000546 	 1000479
20.607060 	 5000627 	 1000479
20.400989 	 5000551 	 1000479
20.196979 	 3000628 	 1000479
19.995009 	 6000561 	 1000479
19.795059 	 1000567 	 1000479
19.597109 	 5000571 	 1000479
19.401138 	 3000595 	 1000479
19.207126 	 6000548 	 1000479
19.015055 	 6000608 	 1000479
18.824904 	 3000538 	 1000479
18.636655 	 5000637 	 1000479
18.450289 	 2000590 	 1000479
18.265786 	 4000586 	 1000479
18.083128 	 6000606 	 1000479
17.902297 	 2000576 	 1000479
17.723274 	 1000549 	 1000479
17.546041 	 7000533 	 1000479
17.370581 	 4000607 	 1000479
17.196875 	 6000569 	 1000479
17.024906 	 7000524 	 1000479
16.854657 	 5000585 	 1000479
16.686110 	 4000637 	 1000479
16.519249 	 6000576 	 1000479
16.354057 	 6000589 	 1000479
16.190516 	 5000480 	 1000479
16.028611 	 5000497 	 1000479
15.868325 	 4000517 	 1000479
15.709642 	 3000498 	 1000479
15.552545 	 4000604 	 1000479
15.397020 	 7000564 	 1000479
15.243050 	 3000583 	 1000479
15.090619 	 3000504 	 1000479
14.939713 	 2000519 	 1000479
14.790316 	 7000604 	 1000479
14.642413 	 3000548 	 1000479
14.495989 	 5000476 	 1000479
14.351029 	 5000604 	 1000479
14.207518 	 5000586 	 1000479
14.065443 	 5000496 	 1000479
13.924789 	 3000622 	 1000479
13.785541 	 4000568 	 1000479
13.647685 	 4000594 	 1000479
13.511209 	 4000524 	 1000479
13.376097 	 4000513 	 1000479
13.242336 	 7000489 	 1000479
13.109912 	 6000538 	 1000479
12.978813 	 6000578 	 1000479
12.849025 	 5000581 	 1000479
12.720535 	 2000520 	 1000479
12.593329 	 4000578 	 1000479
12.467396 	 6000567 	 1000479
12.342722 	 5000602 	 1000479
12.219295 	 4000597 	 1000479
12.097102 	 7000597 	 1000479
11.976131 	 6000502 	 1000479
11.856370 	 4000589 	 1000479
11.737806 	 7000607 	 1000479
11.620428 	 4000600 	 1000479
11.504224 	 2000645 	 1000479
11.389181 	 4000489 	 1000479
11.275290 	 5000600 	 1000479
11.162537 	 4000588 	 1000479
11.050911 	 6000489 	 1000479
10.940402 	 5000591 	 1000479
10.830998 	 3000596 	 1000479
10.722688 	 4000558 	 1000479
10.615461 	 5000618 	 1000479
10.509307 	 3000519 	 1000479
10.404214 	 1000580 	 1000479
10.300171 	 4000572 	 1000479
10.197170 	 6000601 	 1000479
10.095198 	 6000614 	 1000479
9.994246 	 5000563 	 1000479
9.894304 	 7000612 	 1000479
9.795361 	 4000491 	 1000479
9.697407 	 6000588 	 1000479
9.600433 	 4000544 	 1000479
9.504429 	 4000568 	 1000479
9.409384 	 7000539 	 1000479
9.315290 	 5000556 	 1000479
9.222138 	 4000571 	 1000479
9.129916 	 3000535 	 1000479
9.038617 	 4000624 	 1000479
8.948231 	 5000531 	 1000479
8.858749 	 4000522 	 1000479
8.770161 	 3000594 	 1000479
8.682459 	 4000532 	 1000479
8.595635 	 5000521 	 1000479
8.509678 	 4000630 	 1000479
8.424582 	 3000539 	 1000479
8.340336 	 3000591 	 1000479
8.256933 	 2000645 	 1000479
8.174363 	 7000561 	 1000479
8.092620 	 4000456 	 1000479
8.011693 	 3000582 	 1000479
7.931576 	 4000642 	 1000479
7.852261 	 3000489 	 1000479
7.773738 	 4000613 	 1000479
7.696001 	 4000501 	 1000479
7.619041 	 6000598 	 1000479
7.542850 	 3000504 	 1000479
7.467422 	 6000606 	 1000479
7.392748 	 5000593 	 1000479
7.318820 	 4000591 	 1000479
7.245632 	 4000493 	 1000479
7.173176 	 3000484 	 1000479
7.101444 	 5000554 	 1000479
7.030429 	 6000494 	 1000479
6.960125 	 7000562 	 1000479
6.890524 	 4000618 	 1000479
6.821619 	 4000489 	 1000479
6.753402 	 4000615 	 1000479
6.685868 	 7000551 	 1000479
6.619010 	 3000544 	 1000479
6.552820 	 6000556 	 1000479
6.487291 	 5000510 	 1000479
6.422418 	 4000628 	 1000479
6.358194 	 5000474 	 1000479
6.294612 	 6000591 	 1000479
6.231666 	 4000624 	 1000479
6.169350 	 3000593 	 1000479
6.107656 	 5000602 	 1000479
6.046580 	 7000564 	 1000479
5.986114 	 2000562 	 1000479
5.926253 	 5000642 	 1000479
5.866990 	 2000563 	 1000479
5.808320 	 3000624 	 1000479
5.750237 	 5000562 	 1000479
5.692735 	 6000598 	 1000479
5.635807 	 4000542 	 1000479
5.579449 	 7000595 	 1000479
5.523655 	 6000588 	 1000479
5.468418 	 2000598 	 1000479
5.413734 	 4000545 	 1000479
5.359597 	 4000625 	 1000479
5.306001 	 6000625 	 1000479
5.252941 	 6000610 	 1000479
5.200411 	 6000564 	 1000479
5.148407 	 7000585 	 1000479
5.096923 	 5000557 	 1000479
5.045954 	 4000562 	 1000479
4.995494 	 5000620 	 1000479
4.945539 	 7000486 	 1000479
4.896084 	 4000565 	 1000479
4.847123 	 2000569 	 1000479
4.798652 	 5000562 	 1000479
4.750665 	 3000573 	 1000479
4.703159 	 5000489 	 1000479
4.656127 	 5000563 	 1000479
4.609566 	 7000621 	 1000479
4.563470 	 6000499 	 1000479
4.517835 	 3000528 	 1000479
4.472657 	 6000540 	 1000479
4.427931 	 3000604 	 1000479
4.383651 	 6000547 	 1000479
4.339815 	 3000627 	 1000479
4.296417 	 5000535 	 1000479
4.253452 	 7000496 	 1000479
4.210918 	 5000505 	 1000479
4.168809 	 5000612 	 1000479
4.127121 	 6000526 	 1000479
4.085849 	 5000580 	 1000479
4.044991 	 7000590 	 1000479
4.004541 	 3000609 	 1000479
3.964496 	 5000517 	 1000479
3.924851 	 2000549 	 1000479
3.885602 	 5000575 	 1000479
3.846746 	 4000597 	 1000479
3.808279 	 4000509 	 1000479
3.770196 	 3000587 	 1000479
3.732494 	 6000556 	 1000479
3.695169 	 3000627 	 1000479
3.658217 	 6000625 	 1000479
3.621635 	 5000509 	 1000479
3.585419 	 4000604 	 1000479
3.549565 	 5000518 	 1000479
3.514069 	 2000595 	 1000479
3.478928 	 4000570 	 1000479
3.444139 	 4000597 	 1000479
3.409698 	 5000544 	 1000479
3.375601 	 2000507 	 1000479
3.341845 	 4000565 	 1000479
3.308426 	 5000545 	 1000479
3.275342 	 2000629 	 1000479
3.242588 	 1000575 	 1000479
3.210163 	 1000549 	 1000479
3.178061 	 3000648 	 1000479
3.146280 	 5000457 	 1000479
3.114818 	 4000607 	 1000479
3.083669 	 6000538 	 1000479
3.052833 	 4000619 	 1000479
3.022304 	 4000522 	 1000479
2.992081 	 2000575 	 1000479
2.962160 	 5000634 	 1000479
2.932539 	 4000603 	 1000479
2.903213 	 7000596 	 1000479
2.874181 	 5000595 	 1000479
2.845440 	 6000577 	 1000479
2.816985 	 4000553 	 1000479
2.788815 	 4000508 	 1000479
2.760927 	 5000598 	 1000479
2.733318 	 7000533 	 1000479
2.705985 	 6000569 	 1000479
2.678925 	 2000611 	 1000479
2.652136 	 6000618 	 1000479
2.625614 	 7000506 	 1000479
2.599358 	 6000503 	 1000479
2.573365 	 7000535 	 1000479
2.547631 	 3000603 	 1000479
2.522155 	 4000575 	 1000479
2.496933 	 6000577 	 1000479
2.471964 	 4000637 	 1000479
2.447244 	 2000611 	 1000479
2.422772 	 4000533 	 1000479
2.398544 	 3000608 	 1000479
2.374558 	 5000584 	 1000479
2.350813 	 5000546 	 1000479
2.327305 	 6000586 	 1000479
2.304032 	 4000529 	 1000479
2.280991 	 4000651 	 1000479
2.258181 	 4000603 	 1000479
2.235600 	 4000612 	 1000479
2.213244 	 5000599 	 1000479
2.191111 	 5000595 	 1000479
2.169200 	 4000560 	 1000479
2.147508 	 4000594 	 1000479
2.126033 	 4000542 	 1000479
2.104773 	 6000572 	 1000479
2.083725 	 3000591 	 1000479
2.062888 	 7000517 	 1000479
2.042259 	 4000560 	 1000479
2.021836 	 7000564 	 1000479
2.001618 	 5000503 	 1000479
1.981602 	 5000626 	 1000479
1.961786 	 2000487 	 1000479
1.942168 	 5000589 	 1000479
1.922746 	 2000519 	 1000479
1.903519 	 3000575 	 1000479
1.884484 	 4000537 	 1000479
1.865639 	 6000486 	 1000479
1.846982 	 2000624 	 1000479
1.828512 	 4000485 	 1000479
1.810227 	 6000605 	 1000479
1.792125 	 5000523 	 1000479
1.774204 	 5000538 	 1000479
1.756462 	 5000554 	 1000479
1.738897 	 3000558 	 1000479
1.721508 	 7000602 	 1000479
1.704293 	 6000573 	 1000479
1.687250 	 7000572 	 1000479
1.670378 	 4000629 	 1000479
1.653674 	 4000585 	 1000479
1.637137 	 5000602 	 1000479
1.620766 	 5000508 	 1000479
1.604558 	 4000624 	 1000479
1.588513 	 6000572 	 1000479
1.572627 	 4000570 	 1000479
1.556901 	 3000494 	 1000479
1.541332 	 5000609 	 1000479
1.525919 	 6000524 	 1000479
1.510660 	 4000574 	 1000479
1.495553 	 3000561 	 1000479
1.480597 	 4000535 	 1000479
1.465792 	 3000629 	 1000479
1.451134 	 4000548 	 1000479
1.436622 	 3000539 	 1000479
1.422256 	 5000562 	 1000479
1.408033 	 3000565 	 1000479
1.393953 	 3000636 	 1000479
1.380014 	 4000619 	 1000479
1.366213 	 4000545 	 1000479
1.352551 	 4000603 	 1000479
1.339026 	 4000588 	 1000479
1.325636 	 6000605 	 1000479
1.312379 	 6000485 	 1000479
1.299255 	 6000522 	 1000479
1.286263 	 3000633 	 1000479
1.273400 	 4000639 	 1000479
1.260666 	 5000612 	 1000479
1.248060 	 2000595 	 1000479
1.235579 	 4000526 	 1000479
1.223223 	 2000590 	 1000479
1.210991 	 5000612 	 1000479
1.198881 	 4000575 	 1000479
1.186892 	 6000568 	 1000479
1.175023 	 3000612 	 1000479
1.163273 	 3000504 	 1000479
1.151640 	 4000563 	 1000479
1.140124 	 3000541 	 1000479
1.128723 	 6000534 	 1000479
1.117435 	 4000522 	 1000479
1.106261 	 6000544 	 1000479
1.095199 	 4000479 	 1000479
1.084247 	 3000550 	 1000479
1.073404 	 3000589 	 1000479
1.062670 	 6000590 	 1000479
1.052043 	 6000538 	 1000479
1.041523 	 5000609 	 1000479
1.031108 	 2000526 	 1000479
1.020797 	 5000599 	 1000479
1.010589 	 7000502 	 1000479
1.000483 	 5000611 	 1000479
